24-May-2026 00:55:48.102 信息 [main] org.apache.catalina.core.ApplicationContext.log 1 Spring WebApplicationInitializers detected on classpath
24-May-2026 00:55:48.247 信息 [main] org.apache.catalina.core.ApplicationContext.log Initializing Spring root WebApplicationContext
24-May-2026 00:55:49.749 严重 [main] org.apache.catalina.core.StandardContext.listenerStart 发送上下文初始化事件到类的侦听器实例 [org.springframework.web.context.ContextLoaderListener] 时出现异常
	org.springframework.beans.factory.UnsatisfiedDependencyException: Error creating bean with name 'billService': Unsatisfied dependency expressed through field 'billMapper'; nested exception is org.springframework.beans.factory.UnsatisfiedDependencyException: Error creating bean with name 'billMapper' defined in file [D:\javaweb\workspace\PersonalBillStatistics\target\classes\com\wanshouyang\mapper\BillMapper.class]: Unsatisfied dependency expressed through bean property 'sqlSessionFactory'; nested exception is org.springframework.beans.factory.UnsatisfiedDependencyException: Error creating bean with name 'sqlSessionFactory' defined in com.wanshouyang.config.AppConfig: Unsatisfied dependency expressed through method 'sqlSessionFactory' parameter 0; nested exception is org.springframework.beans.factory.BeanCreationException: Error creating bean with name 'dataSource' defined in com.wanshouyang.config.AppConfig: Bean instantiation via factory method failed; nested exception is org.springframework.beans.BeanInstantiationException: Failed to instantiate [javax.sql.DataSource]: Factory method 'dataSource' threw exception; nested exception is java.lang.NullPointerException
		at org.springframework.beans.factory.annotation.AutowiredAnnotationBeanPostProcessor$AutowiredFieldElement.resolveFieldValue(AutowiredAnnotationBeanPostProcessor.java:713)
		at org.springframework.beans.factory.annotation.AutowiredAnnotationBeanPostProcessor$AutowiredFieldElement.inject(AutowiredAnnotationBeanPostProcessor.java:693)
		at org.springframework.beans.factory.annotation.InjectionMetadata.inject(InjectionMetadata.java:119)
		at org.springframework.beans.factory.annotation.AutowiredAnnotationBeanPostProcessor.postProcessProperties(AutowiredAnnotationBeanPostProcessor.java:408)
		at org.springframework.beans.factory.support.AbstractAutowireCapableBeanFactory.populateBean(AbstractAutowireCapableBeanFactory.java:1431)
		at org.springframework.beans.factory.support.AbstractAutowireCapableBeanFactory.doCreateBean(AbstractAutowireCapableBeanFactory.java:619)
		at org.springframework.beans.factory.support.AbstractAutowireCapableBeanFactory.createBean(AbstractAutowireCapableBeanFactory.java:542)
		at org.springframework.beans.factory.support.AbstractBeanFactory.lambda$doGetBean$0(AbstractBeanFactory.java:335)
		at org.springframework.beans.factory.support.DefaultSingletonBeanRegistry.getSingleton(DefaultSingletonBeanRegistry.java:234)
		at org.springframework.beans.factory.support.AbstractBeanFactory.doGetBean(AbstractBeanFactory.java:333)
		at org.springframework.beans.factory.support.AbstractBeanFactory.getBean(AbstractBeanFactory.java:208)
		at org.springframework.beans.factory.support.DefaultListableBeanFactory.preInstantiateSingletons(DefaultListableBeanFactory.java:955)
		at org.springframework.context.support.AbstractApplicationContext.finishBeanFactoryInitialization(AbstractApplicationContext.java:929)
		at org.springframework.context.support.AbstractApplicationContext.refresh(AbstractApplicationContext.java:591)
		at org.springframework.web.context.ContextLoader.configureAndRefreshWebApplicationContext(ContextLoader.java:399)
		at org.springframework.web.context.ContextLoader.initWebApplicationContext(ContextLoader.java:278)
		at org.springframework.web.context.ContextLoaderListener.contextInitialized(ContextLoaderListener.java:103)
		at org.apache.catalina.core.StandardContext.listenerStart(StandardContext.java:4057)
		at org.apache.catalina.core.StandardContext.startInternal(StandardContext.java:4501)
		at org.apache.catalina.util.LifecycleBase.start(LifecycleBase.java:164)
		at org.apache.catalina.core.ContainerBase.addChildInternal(ContainerBase.java:599)
		at org.apache.catalina.core.ContainerBase.addChild(ContainerBase.java:571)
		at org.apache.catalina.core.StandardHost.addChild(StandardHost.java:603)
		at org.apache.catalina.startup.HostConfig.deployDescriptor(HostConfig.java:680)
		at org.apache.catalina.startup.HostConfig$DeployDescriptor.run(HostConfig.java:1839)
		at java.base/java.util.concurrent.Executors$RunnableAdapter.call(Executors.java:539)
		at java.base/java.util.concurrent.FutureTask.run(FutureTask.java:264)
		at org.apache.tomcat.util.threads.InlineExecutorService.execute(InlineExecutorService.java:76)
		at java.base/java.util.concurrent.AbstractExecutorService.submit(AbstractExecutorService.java:123)
		at org.apache.catalina.startup.HostConfig.deployDescriptors(HostConfig.java:575)
		at org.apache.catalina.startup.HostConfig.deployApps(HostConfig.java:466)
		at org.apache.catalina.startup.HostConfig.start(HostConfig.java:1579)
		at org.apache.catalina.startup.HostConfig.lifecycleEvent(HostConfig.java:312)
		at org.apache.catalina.util.LifecycleBase.fireLifecycleEvent(LifecycleBase.java:109)
		at org.apache.catalina.util.LifecycleBase.setStateInternal(LifecycleBase.java:389)
		at org.apache.catalina.util.LifecycleBase.setState(LifecycleBase.java:336)
		at org.apache.catalina.core.ContainerBase.startInternal(ContainerBase.java:776)
		at org.apache.catalina.core.StandardHost.startInternal(StandardHost.java:721)
		at org.apache.catalina.util.LifecycleBase.start(LifecycleBase.java:164)
		at org.apache.catalina.core.ContainerBase$StartChild.call(ContainerBase.java:1203)
		at org.apache.catalina.core.ContainerBase$StartChild.call(ContainerBase.java:1193)
		at java.base/java.util.concurrent.FutureTask.run(FutureTask.java:264)
		at org.apache.tomcat.util.threads.InlineExecutorService.execute(InlineExecutorService.java:76)
		at java.base/java.util.concurrent.AbstractExecutorService.submit(AbstractExecutorService.java:145)
		at org.apache.catalina.core.ContainerBase.startInternal(ContainerBase.java:749)
		at org.apache.catalina.core.StandardEngine.startInternal(StandardEngine.java:211)
		at org.apache.catalina.util.LifecycleBase.start(LifecycleBase.java:164)
		at org.apache.catalina.core.StandardService.startInternal(StandardService.java:412)
		at org.apache.catalina.util.LifecycleBase.start(LifecycleBase.java:164)
		at org.apache.catalina.core.StandardServer.startInternal(StandardServer.java:874)
		at org.apache.catalina.util.LifecycleBase.start(LifecycleBase.java:164)
		at org.apache.catalina.startup.Catalina.start(Catalina.java:739)
		at java.base/jdk.internal.reflect.NativeMethodAccessorImpl.invoke0(Native Method)
		at java.base/jdk.internal.reflect.NativeMethodAccessorImpl.invoke(NativeMethodAccessorImpl.java:77)
		at java.base/jdk.internal.reflect.DelegatingMethodAccessorImpl.invoke(DelegatingMethodAccessorImpl.java:43)
		at java.base/java.lang.reflect.Method.invoke(Method.java:568)
		at org.apache.catalina.startup.Bootstrap.start(Bootstrap.java:345)
		at org.apache.catalina.startup.Bootstrap.main(Bootstrap.java:476)
	Caused by: org.springframework.beans.factory.UnsatisfiedDependencyException: Error creating bean with name 'billMapper' defined in file [D:\javaweb\workspace\PersonalBillStatistics\target\classes\com\wanshouyang\mapper\BillMapper.class]: Unsatisfied dependency expressed through bean property 'sqlSessionFactory'; nested exception is org.springframework.beans.factory.UnsatisfiedDependencyException: Error creating bean with name 'sqlSessionFactory' defined in com.wanshouyang.config.AppConfig: Unsatisfied dependency expressed through method 'sqlSessionFactory' parameter 0; nested exception is org.springframework.beans.factory.BeanCreationException: Error creating bean with name 'dataSource' defined in com.wanshouyang.config.AppConfig: Bean instantiation via factory method failed; nested exception is org.springframework.beans.BeanInstantiationException: Failed to instantiate [javax.sql.DataSource]: Factory method 'dataSource' threw exception; nested exception is java.lang.NullPointerException
		at org.springframework.beans.factory.support.AbstractAutowireCapableBeanFactory.autowireByType(AbstractAutowireCapableBeanFactory.java:1534)
		at org.springframework.beans.factory.support.AbstractAutowireCapableBeanFactory.populateBean(AbstractAutowireCapableBeanFactory.java:1417)
		at org.springframework.beans.factory.support.AbstractAutowireCapableBeanFactory.doCreateBean(AbstractAutowireCapableBeanFactory.java:619)
		at org.springframework.beans.factory.support.AbstractAutowireCapableBeanFactory.createBean(AbstractAutowireCapableBeanFactory.java:542)
		at org.springframework.beans.factory.support.AbstractBeanFactory.lambda$doGetBean$0(AbstractBeanFactory.java:335)
		at org.springframework.beans.factory.support.DefaultSingletonBeanRegistry.getSingleton(DefaultSingletonBeanRegistry.java:234)
		at org.springframework.beans.factory.support.AbstractBeanFactory.doGetBean(AbstractBeanFactory.java:333)
		at org.springframework.beans.factory.support.AbstractBeanFactory.getBean(AbstractBeanFactory.java:208)
		at org.springframework.beans.factory.config.DependencyDescriptor.resolveCandidate(DependencyDescriptor.java:276)
		at org.springframework.beans.factory.support.DefaultListableBeanFactory.doResolveDependency(DefaultListableBeanFactory.java:1391)
		at org.springframework.beans.factory.support.DefaultListableBeanFactory.resolveDependency(DefaultListableBeanFactory.java:1311)
		at org.springframework.beans.factory.annotation.AutowiredAnnotationBeanPostProcessor$AutowiredFieldElement.resolveFieldValue(AutowiredAnnotationBeanPostProcessor.java:710)
		... 57 more
	Caused by: org.springframework.beans.factory.UnsatisfiedDependencyException: Error creating bean with name 'sqlSessionFactory' defined in com.wanshouyang.config.AppConfig: Unsatisfied dependency expressed through method 'sqlSessionFactory' parameter 0; nested exception is org.springframework.beans.factory.BeanCreationException: Error creating bean with name 'dataSource' defined in com.wanshouyang.config.AppConfig: Bean instantiation via factory method failed; nested exception is org.springframework.beans.BeanInstantiationException: Failed to instantiate [javax.sql.DataSource]: Factory method 'dataSource' threw exception; nested exception is java.lang.NullPointerException
		at org.springframework.beans.factory.support.ConstructorResolver.createArgumentArray(ConstructorResolver.java:801)
		at org.springframework.beans.factory.support.ConstructorResolver.instantiateUsingFactoryMethod(ConstructorResolver.java:536)
		at org.springframework.beans.factory.support.AbstractAutowireCapableBeanFactory.instantiateUsingFactoryMethod(AbstractAutowireCapableBeanFactory.java:1352)
		at org.springframework.beans.factory.support.AbstractAutowireCapableBeanFactory.createBeanInstance(AbstractAutowireCapableBeanFactory.java:1195)
		at org.springframework.beans.factory.support.AbstractAutowireCapableBeanFactory.doCreateBean(AbstractAutowireCapableBeanFactory.java:582)
		at org.springframework.beans.factory.support.AbstractAutowireCapableBeanFactory.createBean(AbstractAutowireCapableBeanFactory.java:542)
		at org.springframework.beans.factory.support.AbstractBeanFactory.lambda$doGetBean$0(AbstractBeanFactory.java:335)
		at org.springframework.beans.factory.support.DefaultSingletonBeanRegistry.getSingleton(DefaultSingletonBeanRegistry.java:234)
		at org.springframework.beans.factory.support.AbstractBeanFactory.doGetBean(AbstractBeanFactory.java:333)
		at org.springframework.beans.factory.support.AbstractBeanFactory.getBean(AbstractBeanFactory.java:208)
		at org.springframework.beans.factory.config.DependencyDescriptor.resolveCandidate(DependencyDescriptor.java:276)
		at org.springframework.beans.factory.support.DefaultListableBeanFactory.doResolveDependency(DefaultListableBeanFactory.java:1391)
		at org.springframework.beans.factory.support.DefaultListableBeanFactory.resolveDependency(DefaultListableBeanFactory.java:1311)
		at org.springframework.beans.factory.support.AbstractAutowireCapableBeanFactory.autowireByType(AbstractAutowireCapableBeanFactory.java:1519)
		... 68 more
	Caused by: org.springframework.beans.factory.BeanCreationException: Error creating bean with name 'dataSource' defined in com.wanshouyang.config.AppConfig: Bean instantiation via factory method failed; nested exception is org.springframework.beans.BeanInstantiationException: Failed to instantiate [javax.sql.DataSource]: Factory method 'dataSource' threw exception; nested exception is java.lang.NullPointerException
		at org.springframework.beans.factory.support.ConstructorResolver.instantiate(ConstructorResolver.java:653)
		at org.springframework.beans.factory.support.ConstructorResolver.instantiateUsingFactoryMethod(ConstructorResolver.java:481)
		at org.springframework.beans.factory.support.AbstractAutowireCapableBeanFactory.instantiateUsingFactoryMethod(AbstractAutowireCapableBeanFactory.java:1352)
		at org.springframework.beans.factory.support.AbstractAutowireCapableBeanFactory.createBeanInstance(AbstractAutowireCapableBeanFactory.java:1195)
		at org.springframework.beans.factory.support.AbstractAutowireCapableBeanFactory.doCreateBean(AbstractAutowireCapableBeanFactory.java:582)
		at org.springframework.beans.factory.support.AbstractAutowireCapableBeanFactory.createBean(AbstractAutowireCapableBeanFactory.java:542)
		at org.springframework.beans.factory.support.AbstractBeanFactory.lambda$doGetBean$0(AbstractBeanFactory.java:335)
		at org.springframework.beans.factory.support.DefaultSingletonBeanRegistry.getSingleton(DefaultSingletonBeanRegistry.java:234)
		at org.springframework.beans.factory.support.AbstractBeanFactory.doGetBean(AbstractBeanFactory.java:333)
		at org.springframework.beans.factory.support.AbstractBeanFactory.getBean(AbstractBeanFactory.java:208)
		at org.springframework.beans.factory.config.DependencyDescriptor.resolveCandidate(DependencyDescriptor.java:276)
		at org.springframework.beans.factory.support.DefaultListableBeanFactory.doResolveDependency(DefaultListableBeanFactory.java:1391)
		at org.springframework.beans.factory.support.DefaultListableBeanFactory.resolveDependency(DefaultListableBeanFactory.java:1311)
		at org.springframework.beans.factory.support.ConstructorResolver.resolveAutowiredArgument(ConstructorResolver.java:911)
		at org.springframework.beans.factory.support.ConstructorResolver.createArgumentArray(ConstructorResolver.java:788)
		... 81 more
	Caused by: org.springframework.beans.BeanInstantiationException: Failed to instantiate [javax.sql.DataSource]: Factory method 'dataSource' threw exception; nested exception is java.lang.NullPointerException
		at org.springframework.beans.factory.support.SimpleInstantiationStrategy.instantiate(SimpleInstantiationStrategy.java:185)
		at org.springframework.beans.factory.support.ConstructorResolver.instantiate(ConstructorResolver.java:648)
		... 95 more
	Caused by: java.lang.NullPointerException
		at java.base/java.util.concurrent.ConcurrentHashMap.putVal(ConcurrentHashMap.java:1011)
		at java.base/java.util.concurrent.ConcurrentHashMap.putIfAbsent(ConcurrentHashMap.java:1541)
		at java.base/java.lang.ClassLoader.getClassLoadingLock(ClassLoader.java:671)
		at org.apache.catalina.loader.WebappClassLoaderBase.loadClass(WebappClassLoaderBase.java:1189)
		at org.apache.catalina.loader.WebappClassLoaderBase.loadClass(WebappClassLoaderBase.java:1163)
		at com.zaxxer.hikari.HikariConfig.attemptFromContextLoader(HikariConfig.java:973)
		at com.zaxxer.hikari.HikariConfig.setDriverClassName(HikariConfig.java:483)
		at com.wanshouyang.config.AppConfig.dataSource(AppConfig.java:34)
		at java.base/jdk.internal.reflect.NativeMethodAccessorImpl.invoke0(Native Method)
		at java.base/jdk.internal.reflect.NativeMethodAccessorImpl.invoke(NativeMethodAccessorImpl.java:77)
		at java.base/jdk.internal.reflect.DelegatingMethodAccessorImpl.invoke(DelegatingMethodAccessorImpl.java:43)
		at java.base/java.lang.reflect.Method.invoke(Method.java:568)
		at org.springframework.beans.factory.support.SimpleInstantiationStrategy.instantiate(SimpleInstantiationStrategy.java:154)
		... 96 more
24-May-2026 00:55:49.848 信息 [main] org.apache.catalina.core.ApplicationContext.log Closing Spring root WebApplicationContext
24-May-2026 01:00:25.477 信息 [main] org.apache.catalina.core.ApplicationContext.log 1 Spring WebApplicationInitializers detected on classpath
24-May-2026 01:00:25.653 信息 [main] org.apache.catalina.core.ApplicationContext.log Initializing Spring root WebApplicationContext
24-May-2026 01:00:27.845 严重 [main] org.apache.catalina.core.StandardContext.listenerStart 发送上下文初始化事件到类的侦听器实例 [org.springframework.web.context.ContextLoaderListener] 时出现异常
	org.springframework.beans.factory.UnsatisfiedDependencyException: Error creating bean with name 'billService': Unsatisfied dependency expressed through field 'billMapper'; nested exception is org.springframework.beans.factory.UnsatisfiedDependencyException: Error creating bean with name 'billMapper' defined in file [D:\javaweb\workspace\PersonalBillStatistics\target\classes\com\wanshouyang\mapper\BillMapper.class]: Unsatisfied dependency expressed through bean property 'sqlSessionFactory'; nested exception is org.springframework.beans.factory.UnsatisfiedDependencyException: Error creating bean with name 'sqlSessionFactory' defined in com.wanshouyang.config.AppConfig: Unsatisfied dependency expressed through method 'sqlSessionFactory' parameter 0; nested exception is org.springframework.beans.factory.BeanCreationException: Error creating bean with name 'dataSource' defined in com.wanshouyang.config.AppConfig: Bean instantiation via factory method failed; nested exception is org.springframework.beans.BeanInstantiationException: Failed to instantiate [javax.sql.DataSource]: Factory method 'dataSource' threw exception; nested exception is java.lang.NullPointerException
		at org.springframework.beans.factory.annotation.AutowiredAnnotationBeanPostProcessor$AutowiredFieldElement.resolveFieldValue(AutowiredAnnotationBeanPostProcessor.java:713)
		at org.springframework.beans.factory.annotation.AutowiredAnnotationBeanPostProcessor$AutowiredFieldElement.inject(AutowiredAnnotationBeanPostProcessor.java:693)
		at org.springframework.beans.factory.annotation.InjectionMetadata.inject(InjectionMetadata.java:119)
		at org.springframework.beans.factory.annotation.AutowiredAnnotationBeanPostProcessor.postProcessProperties(AutowiredAnnotationBeanPostProcessor.java:408)
		at org.springframework.beans.factory.support.AbstractAutowireCapableBeanFactory.populateBean(AbstractAutowireCapableBeanFactory.java:1431)
		at org.springframework.beans.factory.support.AbstractAutowireCapableBeanFactory.doCreateBean(AbstractAutowireCapableBeanFactory.java:619)
		at org.springframework.beans.factory.support.AbstractAutowireCapableBeanFactory.createBean(AbstractAutowireCapableBeanFactory.java:542)
		at org.springframework.beans.factory.support.AbstractBeanFactory.lambda$doGetBean$0(AbstractBeanFactory.java:335)
		at org.springframework.beans.factory.support.DefaultSingletonBeanRegistry.getSingleton(DefaultSingletonBeanRegistry.java:234)
		at org.springframework.beans.factory.support.AbstractBeanFactory.doGetBean(AbstractBeanFactory.java:333)
		at org.springframework.beans.factory.support.AbstractBeanFactory.getBean(AbstractBeanFactory.java:208)
		at org.springframework.beans.factory.support.DefaultListableBeanFactory.preInstantiateSingletons(DefaultListableBeanFactory.java:955)
		at org.springframework.context.support.AbstractApplicationContext.finishBeanFactoryInitialization(AbstractApplicationContext.java:929)
		at org.springframework.context.support.AbstractApplicationContext.refresh(AbstractApplicationContext.java:591)
		at org.springframework.web.context.ContextLoader.configureAndRefreshWebApplicationContext(ContextLoader.java:399)
		at org.springframework.web.context.ContextLoader.initWebApplicationContext(ContextLoader.java:278)
		at org.springframework.web.context.ContextLoaderListener.contextInitialized(ContextLoaderListener.java:103)
		at org.apache.catalina.core.StandardContext.listenerStart(StandardContext.java:4057)
		at org.apache.catalina.core.StandardContext.startInternal(StandardContext.java:4501)
		at org.apache.catalina.util.LifecycleBase.start(LifecycleBase.java:164)
		at org.apache.catalina.core.ContainerBase.addChildInternal(ContainerBase.java:599)
		at org.apache.catalina.core.ContainerBase.addChild(ContainerBase.java:571)
		at org.apache.catalina.core.StandardHost.addChild(StandardHost.java:603)
		at org.apache.catalina.startup.HostConfig.deployDescriptor(HostConfig.java:680)
		at org.apache.catalina.startup.HostConfig$DeployDescriptor.run(HostConfig.java:1839)
		at java.base/java.util.concurrent.Executors$RunnableAdapter.call(Executors.java:539)
		at java.base/java.util.concurrent.FutureTask.run(FutureTask.java:264)
		at org.apache.tomcat.util.threads.InlineExecutorService.execute(InlineExecutorService.java:76)
		at java.base/java.util.concurrent.AbstractExecutorService.submit(AbstractExecutorService.java:123)
		at org.apache.catalina.startup.HostConfig.deployDescriptors(HostConfig.java:575)
		at org.apache.catalina.startup.HostConfig.deployApps(HostConfig.java:466)
		at org.apache.catalina.startup.HostConfig.start(HostConfig.java:1579)
		at org.apache.catalina.startup.HostConfig.lifecycleEvent(HostConfig.java:312)
		at org.apache.catalina.util.LifecycleBase.fireLifecycleEvent(LifecycleBase.java:109)
		at org.apache.catalina.util.LifecycleBase.setStateInternal(LifecycleBase.java:389)
		at org.apache.catalina.util.LifecycleBase.setState(LifecycleBase.java:336)
		at org.apache.catalina.core.ContainerBase.startInternal(ContainerBase.java:776)
		at org.apache.catalina.core.StandardHost.startInternal(StandardHost.java:721)
		at org.apache.catalina.util.LifecycleBase.start(LifecycleBase.java:164)
		at org.apache.catalina.core.ContainerBase$StartChild.call(ContainerBase.java:1203)
		at org.apache.catalina.core.ContainerBase$StartChild.call(ContainerBase.java:1193)
		at java.base/java.util.concurrent.FutureTask.run(FutureTask.java:264)
		at org.apache.tomcat.util.threads.InlineExecutorService.execute(InlineExecutorService.java:76)
		at java.base/java.util.concurrent.AbstractExecutorService.submit(AbstractExecutorService.java:145)
		at org.apache.catalina.core.ContainerBase.startInternal(ContainerBase.java:749)
		at org.apache.catalina.core.StandardEngine.startInternal(StandardEngine.java:211)
		at org.apache.catalina.util.LifecycleBase.start(LifecycleBase.java:164)
		at org.apache.catalina.core.StandardService.startInternal(StandardService.java:412)
		at org.apache.catalina.util.LifecycleBase.start(LifecycleBase.java:164)
		at org.apache.catalina.core.StandardServer.startInternal(StandardServer.java:874)
		at org.apache.catalina.util.LifecycleBase.start(LifecycleBase.java:164)
		at org.apache.catalina.startup.Catalina.start(Catalina.java:739)
		at java.base/jdk.internal.reflect.NativeMethodAccessorImpl.invoke0(Native Method)
		at java.base/jdk.internal.reflect.NativeMethodAccessorImpl.invoke(NativeMethodAccessorImpl.java:77)
		at java.base/jdk.internal.reflect.DelegatingMethodAccessorImpl.invoke(DelegatingMethodAccessorImpl.java:43)
		at java.base/java.lang.reflect.Method.invoke(Method.java:568)
		at org.apache.catalina.startup.Bootstrap.start(Bootstrap.java:345)
		at org.apache.catalina.startup.Bootstrap.main(Bootstrap.java:476)
	Caused by: org.springframework.beans.factory.UnsatisfiedDependencyException: Error creating bean with name 'billMapper' defined in file [D:\javaweb\workspace\PersonalBillStatistics\target\classes\com\wanshouyang\mapper\BillMapper.class]: Unsatisfied dependency expressed through bean property 'sqlSessionFactory'; nested exception is org.springframework.beans.factory.UnsatisfiedDependencyException: Error creating bean with name 'sqlSessionFactory' defined in com.wanshouyang.config.AppConfig: Unsatisfied dependency expressed through method 'sqlSessionFactory' parameter 0; nested exception is org.springframework.beans.factory.BeanCreationException: Error creating bean with name 'dataSource' defined in com.wanshouyang.config.AppConfig: Bean instantiation via factory method failed; nested exception is org.springframework.beans.BeanInstantiationException: Failed to instantiate [javax.sql.DataSource]: Factory method 'dataSource' threw exception; nested exception is java.lang.NullPointerException
		at org.springframework.beans.factory.support.AbstractAutowireCapableBeanFactory.autowireByType(AbstractAutowireCapableBeanFactory.java:1534)
		at org.springframework.beans.factory.support.AbstractAutowireCapableBeanFactory.populateBean(AbstractAutowireCapableBeanFactory.java:1417)
		at org.springframework.beans.factory.support.AbstractAutowireCapableBeanFactory.doCreateBean(AbstractAutowireCapableBeanFactory.java:619)
		at org.springframework.beans.factory.support.AbstractAutowireCapableBeanFactory.createBean(AbstractAutowireCapableBeanFactory.java:542)
		at org.springframework.beans.factory.support.AbstractBeanFactory.lambda$doGetBean$0(AbstractBeanFactory.java:335)
		at org.springframework.beans.factory.support.DefaultSingletonBeanRegistry.getSingleton(DefaultSingletonBeanRegistry.java:234)
		at org.springframework.beans.factory.support.AbstractBeanFactory.doGetBean(AbstractBeanFactory.java:333)
		at org.springframework.beans.factory.support.AbstractBeanFactory.getBean(AbstractBeanFactory.java:208)
		at org.springframework.beans.factory.config.DependencyDescriptor.resolveCandidate(DependencyDescriptor.java:276)
		at org.springframework.beans.factory.support.DefaultListableBeanFactory.doResolveDependency(DefaultListableBeanFactory.java:1391)
		at org.springframework.beans.factory.support.DefaultListableBeanFactory.resolveDependency(DefaultListableBeanFactory.java:1311)
		at org.springframework.beans.factory.annotation.AutowiredAnnotationBeanPostProcessor$AutowiredFieldElement.resolveFieldValue(AutowiredAnnotationBeanPostProcessor.java:710)
		... 57 more
	Caused by: org.springframework.beans.factory.UnsatisfiedDependencyException: Error creating bean with name 'sqlSessionFactory' defined in com.wanshouyang.config.AppConfig: Unsatisfied dependency expressed through method 'sqlSessionFactory' parameter 0; nested exception is org.springframework.beans.factory.BeanCreationException: Error creating bean with name 'dataSource' defined in com.wanshouyang.config.AppConfig: Bean instantiation via factory method failed; nested exception is org.springframework.beans.BeanInstantiationException: Failed to instantiate [javax.sql.DataSource]: Factory method 'dataSource' threw exception; nested exception is java.lang.NullPointerException
		at org.springframework.beans.factory.support.ConstructorResolver.createArgumentArray(ConstructorResolver.java:801)
		at org.springframework.beans.factory.support.ConstructorResolver.instantiateUsingFactoryMethod(ConstructorResolver.java:536)
		at org.springframework.beans.factory.support.AbstractAutowireCapableBeanFactory.instantiateUsingFactoryMethod(AbstractAutowireCapableBeanFactory.java:1352)
		at org.springframework.beans.factory.support.AbstractAutowireCapableBeanFactory.createBeanInstance(AbstractAutowireCapableBeanFactory.java:1195)
		at org.springframework.beans.factory.support.AbstractAutowireCapableBeanFactory.doCreateBean(AbstractAutowireCapableBeanFactory.java:582)
		at org.springframework.beans.factory.support.AbstractAutowireCapableBeanFactory.createBean(AbstractAutowireCapableBeanFactory.java:542)
		at org.springframework.beans.factory.support.AbstractBeanFactory.lambda$doGetBean$0(AbstractBeanFactory.java:335)
		at org.springframework.beans.factory.support.DefaultSingletonBeanRegistry.getSingleton(DefaultSingletonBeanRegistry.java:234)
		at org.springframework.beans.factory.support.AbstractBeanFactory.doGetBean(AbstractBeanFactory.java:333)
		at org.springframework.beans.factory.support.AbstractBeanFactory.getBean(AbstractBeanFactory.java:208)
		at org.springframework.beans.factory.config.DependencyDescriptor.resolveCandidate(DependencyDescriptor.java:276)
		at org.springframework.beans.factory.support.DefaultListableBeanFactory.doResolveDependency(DefaultListableBeanFactory.java:1391)
		at org.springframework.beans.factory.support.DefaultListableBeanFactory.resolveDependency(DefaultListableBeanFactory.java:1311)
		at org.springframework.beans.factory.support.AbstractAutowireCapableBeanFactory.autowireByType(AbstractAutowireCapableBeanFactory.java:1519)
		... 68 more
	Caused by: org.springframework.beans.factory.BeanCreationException: Error creating bean with name 'dataSource' defined in com.wanshouyang.config.AppConfig: Bean instantiation via factory method failed; nested exception is org.springframework.beans.BeanInstantiationException: Failed to instantiate [javax.sql.DataSource]: Factory method 'dataSource' threw exception; nested exception is java.lang.NullPointerException
		at org.springframework.beans.factory.support.ConstructorResolver.instantiate(ConstructorResolver.java:653)
		at org.springframework.beans.factory.support.ConstructorResolver.instantiateUsingFactoryMethod(ConstructorResolver.java:481)
		at org.springframework.beans.factory.support.AbstractAutowireCapableBeanFactory.instantiateUsingFactoryMethod(AbstractAutowireCapableBeanFactory.java:1352)
		at org.springframework.beans.factory.support.AbstractAutowireCapableBeanFactory.createBeanInstance(AbstractAutowireCapableBeanFactory.java:1195)
		at org.springframework.beans.factory.support.AbstractAutowireCapableBeanFactory.doCreateBean(AbstractAutowireCapableBeanFactory.java:582)
		at org.springframework.beans.factory.support.AbstractAutowireCapableBeanFactory.createBean(AbstractAutowireCapableBeanFactory.java:542)
		at org.springframework.beans.factory.support.AbstractBeanFactory.lambda$doGetBean$0(AbstractBeanFactory.java:335)
		at org.springframework.beans.factory.support.DefaultSingletonBeanRegistry.getSingleton(DefaultSingletonBeanRegistry.java:234)
		at org.springframework.beans.factory.support.AbstractBeanFactory.doGetBean(AbstractBeanFactory.java:333)
		at org.springframework.beans.factory.support.AbstractBeanFactory.getBean(AbstractBeanFactory.java:208)
		at org.springframework.beans.factory.config.DependencyDescriptor.resolveCandidate(DependencyDescriptor.java:276)
		at org.springframework.beans.factory.support.DefaultListableBeanFactory.doResolveDependency(DefaultListableBeanFactory.java:1391)
		at org.springframework.beans.factory.support.DefaultListableBeanFactory.resolveDependency(DefaultListableBeanFactory.java:1311)
		at org.springframework.beans.factory.support.ConstructorResolver.resolveAutowiredArgument(ConstructorResolver.java:911)
		at org.springframework.beans.factory.support.ConstructorResolver.createArgumentArray(ConstructorResolver.java:788)
		... 81 more
	Caused by: org.springframework.beans.BeanInstantiationException: Failed to instantiate [javax.sql.DataSource]: Factory method 'dataSource' threw exception; nested exception is java.lang.NullPointerException
		at org.springframework.beans.factory.support.SimpleInstantiationStrategy.instantiate(SimpleInstantiationStrategy.java:185)
		at org.springframework.beans.factory.support.ConstructorResolver.instantiate(ConstructorResolver.java:648)
		... 95 more
	Caused by: java.lang.NullPointerException
		at java.base/java.util.concurrent.ConcurrentHashMap.putVal(ConcurrentHashMap.java:1011)
		at java.base/java.util.concurrent.ConcurrentHashMap.putIfAbsent(ConcurrentHashMap.java:1541)
		at java.base/java.lang.ClassLoader.getClassLoadingLock(ClassLoader.java:671)
		at org.apache.catalina.loader.WebappClassLoaderBase.loadClass(WebappClassLoaderBase.java:1189)
		at org.apache.catalina.loader.WebappClassLoaderBase.loadClass(WebappClassLoaderBase.java:1163)
		at com.zaxxer.hikari.HikariConfig.attemptFromContextLoader(HikariConfig.java:973)
		at com.zaxxer.hikari.HikariConfig.setDriverClassName(HikariConfig.java:483)
		at com.wanshouyang.config.AppConfig.dataSource(AppConfig.java:34)
		at java.base/jdk.internal.reflect.NativeMethodAccessorImpl.invoke0(Native Method)
		at java.base/jdk.internal.reflect.NativeMethodAccessorImpl.invoke(NativeMethodAccessorImpl.java:77)
		at java.base/jdk.internal.reflect.DelegatingMethodAccessorImpl.invoke(DelegatingMethodAccessorImpl.java:43)
		at java.base/java.lang.reflect.Method.invoke(Method.java:568)
		at org.springframework.beans.factory.support.SimpleInstantiationStrategy.instantiate(SimpleInstantiationStrategy.java:154)
		... 96 more
24-May-2026 01:00:27.997 信息 [main] org.apache.catalina.core.ApplicationContext.log Closing Spring root WebApplicationContext
24-May-2026 01:05:43.444 信息 [main] org.apache.catalina.core.ApplicationContext.log 1 Spring WebApplicationInitializers detected on classpath
24-May-2026 01:05:43.593 信息 [main] org.apache.catalina.core.ApplicationContext.log Initializing Spring root WebApplicationContext
24-May-2026 01:05:45.020 严重 [main] org.apache.catalina.core.StandardContext.listenerStart 发送上下文初始化事件到类的侦听器实例 [org.springframework.web.context.ContextLoaderListener] 时出现异常
	org.springframework.beans.factory.UnsatisfiedDependencyException: Error creating bean with name 'billService': Unsatisfied dependency expressed through field 'billMapper'; nested exception is org.springframework.beans.factory.UnsatisfiedDependencyException: Error creating bean with name 'billMapper' defined in file [D:\javaweb\workspace\PersonalBillStatistics\target\classes\com\wanshouyang\mapper\BillMapper.class]: Unsatisfied dependency expressed through bean property 'sqlSessionFactory'; nested exception is org.springframework.beans.factory.UnsatisfiedDependencyException: Error creating bean with name 'sqlSessionFactory' defined in com.wanshouyang.config.AppConfig: Unsatisfied dependency expressed through method 'sqlSessionFactory' parameter 0; nested exception is org.springframework.beans.factory.BeanCreationException: Error creating bean with name 'dataSource' defined in com.wanshouyang.config.AppConfig: Bean instantiation via factory method failed; nested exception is org.springframework.beans.BeanInstantiationException: Failed to instantiate [javax.sql.DataSource]: Factory method 'dataSource' threw exception; nested exception is java.lang.NullPointerException
		at org.springframework.beans.factory.annotation.AutowiredAnnotationBeanPostProcessor$AutowiredFieldElement.resolveFieldValue(AutowiredAnnotationBeanPostProcessor.java:713)
		at org.springframework.beans.factory.annotation.AutowiredAnnotationBeanPostProcessor$AutowiredFieldElement.inject(AutowiredAnnotationBeanPostProcessor.java:693)
		at org.springframework.beans.factory.annotation.InjectionMetadata.inject(InjectionMetadata.java:119)
		at org.springframework.beans.factory.annotation.AutowiredAnnotationBeanPostProcessor.postProcessProperties(AutowiredAnnotationBeanPostProcessor.java:408)
		at org.springframework.beans.factory.support.AbstractAutowireCapableBeanFactory.populateBean(AbstractAutowireCapableBeanFactory.java:1431)
		at org.springframework.beans.factory.support.AbstractAutowireCapableBeanFactory.doCreateBean(AbstractAutowireCapableBeanFactory.java:619)
		at org.springframework.beans.factory.support.AbstractAutowireCapableBeanFactory.createBean(AbstractAutowireCapableBeanFactory.java:542)
		at org.springframework.beans.factory.support.AbstractBeanFactory.lambda$doGetBean$0(AbstractBeanFactory.java:335)
		at org.springframework.beans.factory.support.DefaultSingletonBeanRegistry.getSingleton(DefaultSingletonBeanRegistry.java:234)
		at org.springframework.beans.factory.support.AbstractBeanFactory.doGetBean(AbstractBeanFactory.java:333)
		at org.springframework.beans.factory.support.AbstractBeanFactory.getBean(AbstractBeanFactory.java:208)
		at org.springframework.beans.factory.support.DefaultListableBeanFactory.preInstantiateSingletons(DefaultListableBeanFactory.java:955)
		at org.springframework.context.support.AbstractApplicationContext.finishBeanFactoryInitialization(AbstractApplicationContext.java:929)
		at org.springframework.context.support.AbstractApplicationContext.refresh(AbstractApplicationContext.java:591)
		at org.springframework.web.context.ContextLoader.configureAndRefreshWebApplicationContext(ContextLoader.java:399)
		at org.springframework.web.context.ContextLoader.initWebApplicationContext(ContextLoader.java:278)
		at org.springframework.web.context.ContextLoaderListener.contextInitialized(ContextLoaderListener.java:103)
		at org.apache.catalina.core.StandardContext.listenerStart(StandardContext.java:4057)
		at org.apache.catalina.core.StandardContext.startInternal(StandardContext.java:4501)
		at org.apache.catalina.util.LifecycleBase.start(LifecycleBase.java:164)
		at org.apache.catalina.core.ContainerBase.addChildInternal(ContainerBase.java:599)
		at org.apache.catalina.core.ContainerBase.addChild(ContainerBase.java:571)
		at org.apache.catalina.core.StandardHost.addChild(StandardHost.java:603)
		at org.apache.catalina.startup.HostConfig.deployDescriptor(HostConfig.java:680)
		at org.apache.catalina.startup.HostConfig$DeployDescriptor.run(HostConfig.java:1839)
		at java.base/java.util.concurrent.Executors$RunnableAdapter.call(Executors.java:539)
		at java.base/java.util.concurrent.FutureTask.run(FutureTask.java:264)
		at org.apache.tomcat.util.threads.InlineExecutorService.execute(InlineExecutorService.java:76)
		at java.base/java.util.concurrent.AbstractExecutorService.submit(AbstractExecutorService.java:123)
		at org.apache.catalina.startup.HostConfig.deployDescriptors(HostConfig.java:575)
		at org.apache.catalina.startup.HostConfig.deployApps(HostConfig.java:466)
		at org.apache.catalina.startup.HostConfig.start(HostConfig.java:1579)
		at org.apache.catalina.startup.HostConfig.lifecycleEvent(HostConfig.java:312)
		at org.apache.catalina.util.LifecycleBase.fireLifecycleEvent(LifecycleBase.java:109)
		at org.apache.catalina.util.LifecycleBase.setStateInternal(LifecycleBase.java:389)
		at org.apache.catalina.util.LifecycleBase.setState(LifecycleBase.java:336)
		at org.apache.catalina.core.ContainerBase.startInternal(ContainerBase.java:776)
		at org.apache.catalina.core.StandardHost.startInternal(StandardHost.java:721)
		at org.apache.catalina.util.LifecycleBase.start(LifecycleBase.java:164)
		at org.apache.catalina.core.ContainerBase$StartChild.call(ContainerBase.java:1203)
		at org.apache.catalina.core.ContainerBase$StartChild.call(ContainerBase.java:1193)
		at java.base/java.util.concurrent.FutureTask.run(FutureTask.java:264)
		at org.apache.tomcat.util.threads.InlineExecutorService.execute(InlineExecutorService.java:76)
		at java.base/java.util.concurrent.AbstractExecutorService.submit(AbstractExecutorService.java:145)
		at org.apache.catalina.core.ContainerBase.startInternal(ContainerBase.java:749)
		at org.apache.catalina.core.StandardEngine.startInternal(StandardEngine.java:211)
		at org.apache.catalina.util.LifecycleBase.start(LifecycleBase.java:164)
		at org.apache.catalina.core.StandardService.startInternal(StandardService.java:412)
		at org.apache.catalina.util.LifecycleBase.start(LifecycleBase.java:164)
		at org.apache.catalina.core.StandardServer.startInternal(StandardServer.java:874)
		at org.apache.catalina.util.LifecycleBase.start(LifecycleBase.java:164)
		at org.apache.catalina.startup.Catalina.start(Catalina.java:739)
		at java.base/jdk.internal.reflect.NativeMethodAccessorImpl.invoke0(Native Method)
		at java.base/jdk.internal.reflect.NativeMethodAccessorImpl.invoke(NativeMethodAccessorImpl.java:77)
		at java.base/jdk.internal.reflect.DelegatingMethodAccessorImpl.invoke(DelegatingMethodAccessorImpl.java:43)
		at java.base/java.lang.reflect.Method.invoke(Method.java:568)
		at org.apache.catalina.startup.Bootstrap.start(Bootstrap.java:345)
		at org.apache.catalina.startup.Bootstrap.main(Bootstrap.java:476)
	Caused by: org.springframework.beans.factory.UnsatisfiedDependencyException: Error creating bean with name 'billMapper' defined in file [D:\javaweb\workspace\PersonalBillStatistics\target\classes\com\wanshouyang\mapper\BillMapper.class]: Unsatisfied dependency expressed through bean property 'sqlSessionFactory'; nested exception is org.springframework.beans.factory.UnsatisfiedDependencyException: Error creating bean with name 'sqlSessionFactory' defined in com.wanshouyang.config.AppConfig: Unsatisfied dependency expressed through method 'sqlSessionFactory' parameter 0; nested exception is org.springframework.beans.factory.BeanCreationException: Error creating bean with name 'dataSource' defined in com.wanshouyang.config.AppConfig: Bean instantiation via factory method failed; nested exception is org.springframework.beans.BeanInstantiationException: Failed to instantiate [javax.sql.DataSource]: Factory method 'dataSource' threw exception; nested exception is java.lang.NullPointerException
		at org.springframework.beans.factory.support.AbstractAutowireCapableBeanFactory.autowireByType(AbstractAutowireCapableBeanFactory.java:1534)
		at org.springframework.beans.factory.support.AbstractAutowireCapableBeanFactory.populateBean(AbstractAutowireCapableBeanFactory.java:1417)
		at org.springframework.beans.factory.support.AbstractAutowireCapableBeanFactory.doCreateBean(AbstractAutowireCapableBeanFactory.java:619)
		at org.springframework.beans.factory.support.AbstractAutowireCapableBeanFactory.createBean(AbstractAutowireCapableBeanFactory.java:542)
		at org.springframework.beans.factory.support.AbstractBeanFactory.lambda$doGetBean$0(AbstractBeanFactory.java:335)
		at org.springframework.beans.factory.support.DefaultSingletonBeanRegistry.getSingleton(DefaultSingletonBeanRegistry.java:234)
		at org.springframework.beans.factory.support.AbstractBeanFactory.doGetBean(AbstractBeanFactory.java:333)
		at org.springframework.beans.factory.support.AbstractBeanFactory.getBean(AbstractBeanFactory.java:208)
		at org.springframework.beans.factory.config.DependencyDescriptor.resolveCandidate(DependencyDescriptor.java:276)
		at org.springframework.beans.factory.support.DefaultListableBeanFactory.doResolveDependency(DefaultListableBeanFactory.java:1391)
		at org.springframework.beans.factory.support.DefaultListableBeanFactory.resolveDependency(DefaultListableBeanFactory.java:1311)
		at org.springframework.beans.factory.annotation.AutowiredAnnotationBeanPostProcessor$AutowiredFieldElement.resolveFieldValue(AutowiredAnnotationBeanPostProcessor.java:710)
		... 57 more
	Caused by: org.springframework.beans.factory.UnsatisfiedDependencyException: Error creating bean with name 'sqlSessionFactory' defined in com.wanshouyang.config.AppConfig: Unsatisfied dependency expressed through method 'sqlSessionFactory' parameter 0; nested exception is org.springframework.beans.factory.BeanCreationException: Error creating bean with name 'dataSource' defined in com.wanshouyang.config.AppConfig: Bean instantiation via factory method failed; nested exception is org.springframework.beans.BeanInstantiationException: Failed to instantiate [javax.sql.DataSource]: Factory method 'dataSource' threw exception; nested exception is java.lang.NullPointerException
		at org.springframework.beans.factory.support.ConstructorResolver.createArgumentArray(ConstructorResolver.java:801)
		at org.springframework.beans.factory.support.ConstructorResolver.instantiateUsingFactoryMethod(ConstructorResolver.java:536)
		at org.springframework.beans.factory.support.AbstractAutowireCapableBeanFactory.instantiateUsingFactoryMethod(AbstractAutowireCapableBeanFactory.java:1352)
		at org.springframework.beans.factory.support.AbstractAutowireCapableBeanFactory.createBeanInstance(AbstractAutowireCapableBeanFactory.java:1195)
		at org.springframework.beans.factory.support.AbstractAutowireCapableBeanFactory.doCreateBean(AbstractAutowireCapableBeanFactory.java:582)
		at org.springframework.beans.factory.support.AbstractAutowireCapableBeanFactory.createBean(AbstractAutowireCapableBeanFactory.java:542)
		at org.springframework.beans.factory.support.AbstractBeanFactory.lambda$doGetBean$0(AbstractBeanFactory.java:335)
		at org.springframework.beans.factory.support.DefaultSingletonBeanRegistry.getSingleton(DefaultSingletonBeanRegistry.java:234)
		at org.springframework.beans.factory.support.AbstractBeanFactory.doGetBean(AbstractBeanFactory.java:333)
		at org.springframework.beans.factory.support.AbstractBeanFactory.getBean(AbstractBeanFactory.java:208)
		at org.springframework.beans.factory.config.DependencyDescriptor.resolveCandidate(DependencyDescriptor.java:276)
		at org.springframework.beans.factory.support.DefaultListableBeanFactory.doResolveDependency(DefaultListableBeanFactory.java:1391)
		at org.springframework.beans.factory.support.DefaultListableBeanFactory.resolveDependency(DefaultListableBeanFactory.java:1311)
		at org.springframework.beans.factory.support.AbstractAutowireCapableBeanFactory.autowireByType(AbstractAutowireCapableBeanFactory.java:1519)
		... 68 more
	Caused by: org.springframework.beans.factory.BeanCreationException: Error creating bean with name 'dataSource' defined in com.wanshouyang.config.AppConfig: Bean instantiation via factory method failed; nested exception is org.springframework.beans.BeanInstantiationException: Failed to instantiate [javax.sql.DataSource]: Factory method 'dataSource' threw exception; nested exception is java.lang.NullPointerException
		at org.springframework.beans.factory.support.ConstructorResolver.instantiate(ConstructorResolver.java:653)
		at org.springframework.beans.factory.support.ConstructorResolver.instantiateUsingFactoryMethod(ConstructorResolver.java:481)
		at org.springframework.beans.factory.support.AbstractAutowireCapableBeanFactory.instantiateUsingFactoryMethod(AbstractAutowireCapableBeanFactory.java:1352)
		at org.springframework.beans.factory.support.AbstractAutowireCapableBeanFactory.createBeanInstance(AbstractAutowireCapableBeanFactory.java:1195)
		at org.springframework.beans.factory.support.AbstractAutowireCapableBeanFactory.doCreateBean(AbstractAutowireCapableBeanFactory.java:582)
		at org.springframework.beans.factory.support.AbstractAutowireCapableBeanFactory.createBean(AbstractAutowireCapableBeanFactory.java:542)
		at org.springframework.beans.factory.support.AbstractBeanFactory.lambda$doGetBean$0(AbstractBeanFactory.java:335)
		at org.springframework.beans.factory.support.DefaultSingletonBeanRegistry.getSingleton(DefaultSingletonBeanRegistry.java:234)
		at org.springframework.beans.factory.support.AbstractBeanFactory.doGetBean(AbstractBeanFactory.java:333)
		at org.springframework.beans.factory.support.AbstractBeanFactory.getBean(AbstractBeanFactory.java:208)
		at org.springframework.beans.factory.config.DependencyDescriptor.resolveCandidate(DependencyDescriptor.java:276)
		at org.springframework.beans.factory.support.DefaultListableBeanFactory.doResolveDependency(DefaultListableBeanFactory.java:1391)
		at org.springframework.beans.factory.support.DefaultListableBeanFactory.resolveDependency(DefaultListableBeanFactory.java:1311)
		at org.springframework.beans.factory.support.ConstructorResolver.resolveAutowiredArgument(ConstructorResolver.java:911)
		at org.springframework.beans.factory.support.ConstructorResolver.createArgumentArray(ConstructorResolver.java:788)
		... 81 more
	Caused by: org.springframework.beans.BeanInstantiationException: Failed to instantiate [javax.sql.DataSource]: Factory method 'dataSource' threw exception; nested exception is java.lang.NullPointerException
		at org.springframework.beans.factory.support.SimpleInstantiationStrategy.instantiate(SimpleInstantiationStrategy.java:185)
		at org.springframework.beans.factory.support.ConstructorResolver.instantiate(ConstructorResolver.java:648)
		... 95 more
	Caused by: java.lang.NullPointerException
		at java.base/java.util.concurrent.ConcurrentHashMap.putVal(ConcurrentHashMap.java:1011)
		at java.base/java.util.concurrent.ConcurrentHashMap.putIfAbsent(ConcurrentHashMap.java:1541)
		at java.base/java.lang.ClassLoader.getClassLoadingLock(ClassLoader.java:671)
		at org.apache.catalina.loader.WebappClassLoaderBase.loadClass(WebappClassLoaderBase.java:1189)
		at org.apache.catalina.loader.WebappClassLoaderBase.loadClass(WebappClassLoaderBase.java:1163)
		at com.zaxxer.hikari.HikariConfig.attemptFromContextLoader(HikariConfig.java:973)
		at com.zaxxer.hikari.HikariConfig.setDriverClassName(HikariConfig.java:483)
		at com.wanshouyang.config.AppConfig.dataSource(AppConfig.java:34)
		at java.base/jdk.internal.reflect.NativeMethodAccessorImpl.invoke0(Native Method)
		at java.base/jdk.internal.reflect.NativeMethodAccessorImpl.invoke(NativeMethodAccessorImpl.java:77)
		at java.base/jdk.internal.reflect.DelegatingMethodAccessorImpl.invoke(DelegatingMethodAccessorImpl.java:43)
		at java.base/java.lang.reflect.Method.invoke(Method.java:568)
		at org.springframework.beans.factory.support.SimpleInstantiationStrategy.instantiate(SimpleInstantiationStrategy.java:154)
		... 96 more
24-May-2026 01:05:45.102 信息 [main] org.apache.catalina.core.ApplicationContext.log Closing Spring root WebApplicationContext
24-May-2026 01:09:02.457 信息 [main] org.apache.catalina.core.ApplicationContext.log 1 Spring WebApplicationInitializers detected on classpath
24-May-2026 01:09:02.572 信息 [main] org.apache.catalina.core.ApplicationContext.log Initializing Spring root WebApplicationContext
24-May-2026 01:09:03.938 严重 [main] org.apache.catalina.core.StandardContext.listenerStart 发送上下文初始化事件到类的侦听器实例 [org.springframework.web.context.ContextLoaderListener] 时出现异常
	org.springframework.beans.factory.UnsatisfiedDependencyException: Error creating bean with name 'billService': Unsatisfied dependency expressed through field 'billMapper'; nested exception is org.springframework.beans.factory.UnsatisfiedDependencyException: Error creating bean with name 'billMapper' defined in file [D:\javaweb\workspace\PersonalBillStatistics\target\classes\com\wanshouyang\mapper\BillMapper.class]: Unsatisfied dependency expressed through bean property 'sqlSessionFactory'; nested exception is org.springframework.beans.factory.UnsatisfiedDependencyException: Error creating bean with name 'sqlSessionFactory' defined in com.wanshouyang.config.AppConfig: Unsatisfied dependency expressed through method 'sqlSessionFactory' parameter 0; nested exception is org.springframework.beans.factory.BeanCreationException: Error creating bean with name 'dataSource' defined in com.wanshouyang.config.AppConfig: Bean instantiation via factory method failed; nested exception is org.springframework.beans.BeanInstantiationException: Failed to instantiate [javax.sql.DataSource]: Factory method 'dataSource' threw exception; nested exception is java.lang.NullPointerException
		at org.springframework.beans.factory.annotation.AutowiredAnnotationBeanPostProcessor$AutowiredFieldElement.resolveFieldValue(AutowiredAnnotationBeanPostProcessor.java:713)
		at org.springframework.beans.factory.annotation.AutowiredAnnotationBeanPostProcessor$AutowiredFieldElement.inject(AutowiredAnnotationBeanPostProcessor.java:693)
		at org.springframework.beans.factory.annotation.InjectionMetadata.inject(InjectionMetadata.java:119)
		at org.springframework.beans.factory.annotation.AutowiredAnnotationBeanPostProcessor.postProcessProperties(AutowiredAnnotationBeanPostProcessor.java:408)
		at org.springframework.beans.factory.support.AbstractAutowireCapableBeanFactory.populateBean(AbstractAutowireCapableBeanFactory.java:1431)
		at org.springframework.beans.factory.support.AbstractAutowireCapableBeanFactory.doCreateBean(AbstractAutowireCapableBeanFactory.java:619)
		at org.springframework.beans.factory.support.AbstractAutowireCapableBeanFactory.createBean(AbstractAutowireCapableBeanFactory.java:542)
		at org.springframework.beans.factory.support.AbstractBeanFactory.lambda$doGetBean$0(AbstractBeanFactory.java:335)
		at org.springframework.beans.factory.support.DefaultSingletonBeanRegistry.getSingleton(DefaultSingletonBeanRegistry.java:234)
		at org.springframework.beans.factory.support.AbstractBeanFactory.doGetBean(AbstractBeanFactory.java:333)
		at org.springframework.beans.factory.support.AbstractBeanFactory.getBean(AbstractBeanFactory.java:208)
		at org.springframework.beans.factory.support.DefaultListableBeanFactory.preInstantiateSingletons(DefaultListableBeanFactory.java:955)
		at org.springframework.context.support.AbstractApplicationContext.finishBeanFactoryInitialization(AbstractApplicationContext.java:929)
		at org.springframework.context.support.AbstractApplicationContext.refresh(AbstractApplicationContext.java:591)
		at org.springframework.web.context.ContextLoader.configureAndRefreshWebApplicationContext(ContextLoader.java:399)
		at org.springframework.web.context.ContextLoader.initWebApplicationContext(ContextLoader.java:278)
		at org.springframework.web.context.ContextLoaderListener.contextInitialized(ContextLoaderListener.java:103)
		at org.apache.catalina.core.StandardContext.listenerStart(StandardContext.java:4057)
		at org.apache.catalina.core.StandardContext.startInternal(StandardContext.java:4501)
		at org.apache.catalina.util.LifecycleBase.start(LifecycleBase.java:164)
		at org.apache.catalina.core.ContainerBase.addChildInternal(ContainerBase.java:599)
		at org.apache.catalina.core.ContainerBase.addChild(ContainerBase.java:571)
		at org.apache.catalina.core.StandardHost.addChild(StandardHost.java:603)
		at org.apache.catalina.startup.HostConfig.deployDescriptor(HostConfig.java:680)
		at org.apache.catalina.startup.HostConfig$DeployDescriptor.run(HostConfig.java:1839)
		at java.base/java.util.concurrent.Executors$RunnableAdapter.call(Executors.java:539)
		at java.base/java.util.concurrent.FutureTask.run(FutureTask.java:264)
		at org.apache.tomcat.util.threads.InlineExecutorService.execute(InlineExecutorService.java:76)
		at java.base/java.util.concurrent.AbstractExecutorService.submit(AbstractExecutorService.java:123)
		at org.apache.catalina.startup.HostConfig.deployDescriptors(HostConfig.java:575)
		at org.apache.catalina.startup.HostConfig.deployApps(HostConfig.java:466)
		at org.apache.catalina.startup.HostConfig.start(HostConfig.java:1579)
		at org.apache.catalina.startup.HostConfig.lifecycleEvent(HostConfig.java:312)
		at org.apache.catalina.util.LifecycleBase.fireLifecycleEvent(LifecycleBase.java:109)
		at org.apache.catalina.util.LifecycleBase.setStateInternal(LifecycleBase.java:389)
		at org.apache.catalina.util.LifecycleBase.setState(LifecycleBase.java:336)
		at org.apache.catalina.core.ContainerBase.startInternal(ContainerBase.java:776)
		at org.apache.catalina.core.StandardHost.startInternal(StandardHost.java:721)
		at org.apache.catalina.util.LifecycleBase.start(LifecycleBase.java:164)
		at org.apache.catalina.core.ContainerBase$StartChild.call(ContainerBase.java:1203)
		at org.apache.catalina.core.ContainerBase$StartChild.call(ContainerBase.java:1193)
		at java.base/java.util.concurrent.FutureTask.run(FutureTask.java:264)
		at org.apache.tomcat.util.threads.InlineExecutorService.execute(InlineExecutorService.java:76)
		at java.base/java.util.concurrent.AbstractExecutorService.submit(AbstractExecutorService.java:145)
		at org.apache.catalina.core.ContainerBase.startInternal(ContainerBase.java:749)
		at org.apache.catalina.core.StandardEngine.startInternal(StandardEngine.java:211)
		at org.apache.catalina.util.LifecycleBase.start(LifecycleBase.java:164)
		at org.apache.catalina.core.StandardService.startInternal(StandardService.java:412)
		at org.apache.catalina.util.LifecycleBase.start(LifecycleBase.java:164)
		at org.apache.catalina.core.StandardServer.startInternal(StandardServer.java:874)
		at org.apache.catalina.util.LifecycleBase.start(LifecycleBase.java:164)
		at org.apache.catalina.startup.Catalina.start(Catalina.java:739)
		at java.base/jdk.internal.reflect.NativeMethodAccessorImpl.invoke0(Native Method)
		at java.base/jdk.internal.reflect.NativeMethodAccessorImpl.invoke(NativeMethodAccessorImpl.java:77)
		at java.base/jdk.internal.reflect.DelegatingMethodAccessorImpl.invoke(DelegatingMethodAccessorImpl.java:43)
		at java.base/java.lang.reflect.Method.invoke(Method.java:568)
		at org.apache.catalina.startup.Bootstrap.start(Bootstrap.java:345)
		at org.apache.catalina.startup.Bootstrap.main(Bootstrap.java:476)
	Caused by: org.springframework.beans.factory.UnsatisfiedDependencyException: Error creating bean with name 'billMapper' defined in file [D:\javaweb\workspace\PersonalBillStatistics\target\classes\com\wanshouyang\mapper\BillMapper.class]: Unsatisfied dependency expressed through bean property 'sqlSessionFactory'; nested exception is org.springframework.beans.factory.UnsatisfiedDependencyException: Error creating bean with name 'sqlSessionFactory' defined in com.wanshouyang.config.AppConfig: Unsatisfied dependency expressed through method 'sqlSessionFactory' parameter 0; nested exception is org.springframework.beans.factory.BeanCreationException: Error creating bean with name 'dataSource' defined in com.wanshouyang.config.AppConfig: Bean instantiation via factory method failed; nested exception is org.springframework.beans.BeanInstantiationException: Failed to instantiate [javax.sql.DataSource]: Factory method 'dataSource' threw exception; nested exception is java.lang.NullPointerException
		at org.springframework.beans.factory.support.AbstractAutowireCapableBeanFactory.autowireByType(AbstractAutowireCapableBeanFactory.java:1534)
		at org.springframework.beans.factory.support.AbstractAutowireCapableBeanFactory.populateBean(AbstractAutowireCapableBeanFactory.java:1417)
		at org.springframework.beans.factory.support.AbstractAutowireCapableBeanFactory.doCreateBean(AbstractAutowireCapableBeanFactory.java:619)
		at org.springframework.beans.factory.support.AbstractAutowireCapableBeanFactory.createBean(AbstractAutowireCapableBeanFactory.java:542)
		at org.springframework.beans.factory.support.AbstractBeanFactory.lambda$doGetBean$0(AbstractBeanFactory.java:335)
		at org.springframework.beans.factory.support.DefaultSingletonBeanRegistry.getSingleton(DefaultSingletonBeanRegistry.java:234)
		at org.springframework.beans.factory.support.AbstractBeanFactory.doGetBean(AbstractBeanFactory.java:333)
		at org.springframework.beans.factory.support.AbstractBeanFactory.getBean(AbstractBeanFactory.java:208)
		at org.springframework.beans.factory.config.DependencyDescriptor.resolveCandidate(DependencyDescriptor.java:276)
		at org.springframework.beans.factory.support.DefaultListableBeanFactory.doResolveDependency(DefaultListableBeanFactory.java:1391)
		at org.springframework.beans.factory.support.DefaultListableBeanFactory.resolveDependency(DefaultListableBeanFactory.java:1311)
		at org.springframework.beans.factory.annotation.AutowiredAnnotationBeanPostProcessor$AutowiredFieldElement.resolveFieldValue(AutowiredAnnotationBeanPostProcessor.java:710)
		... 57 more
	Caused by: org.springframework.beans.factory.UnsatisfiedDependencyException: Error creating bean with name 'sqlSessionFactory' defined in com.wanshouyang.config.AppConfig: Unsatisfied dependency expressed through method 'sqlSessionFactory' parameter 0; nested exception is org.springframework.beans.factory.BeanCreationException: Error creating bean with name 'dataSource' defined in com.wanshouyang.config.AppConfig: Bean instantiation via factory method failed; nested exception is org.springframework.beans.BeanInstantiationException: Failed to instantiate [javax.sql.DataSource]: Factory method 'dataSource' threw exception; nested exception is java.lang.NullPointerException
		at org.springframework.beans.factory.support.ConstructorResolver.createArgumentArray(ConstructorResolver.java:801)
		at org.springframework.beans.factory.support.ConstructorResolver.instantiateUsingFactoryMethod(ConstructorResolver.java:536)
		at org.springframework.beans.factory.support.AbstractAutowireCapableBeanFactory.instantiateUsingFactoryMethod(AbstractAutowireCapableBeanFactory.java:1352)
		at org.springframework.beans.factory.support.AbstractAutowireCapableBeanFactory.createBeanInstance(AbstractAutowireCapableBeanFactory.java:1195)
		at org.springframework.beans.factory.support.AbstractAutowireCapableBeanFactory.doCreateBean(AbstractAutowireCapableBeanFactory.java:582)
		at org.springframework.beans.factory.support.AbstractAutowireCapableBeanFactory.createBean(AbstractAutowireCapableBeanFactory.java:542)
		at org.springframework.beans.factory.support.AbstractBeanFactory.lambda$doGetBean$0(AbstractBeanFactory.java:335)
		at org.springframework.beans.factory.support.DefaultSingletonBeanRegistry.getSingleton(DefaultSingletonBeanRegistry.java:234)
		at org.springframework.beans.factory.support.AbstractBeanFactory.doGetBean(AbstractBeanFactory.java:333)
		at org.springframework.beans.factory.support.AbstractBeanFactory.getBean(AbstractBeanFactory.java:208)
		at org.springframework.beans.factory.config.DependencyDescriptor.resolveCandidate(DependencyDescriptor.java:276)
		at org.springframework.beans.factory.support.DefaultListableBeanFactory.doResolveDependency(DefaultListableBeanFactory.java:1391)
		at org.springframework.beans.factory.support.DefaultListableBeanFactory.resolveDependency(DefaultListableBeanFactory.java:1311)
		at org.springframework.beans.factory.support.AbstractAutowireCapableBeanFactory.autowireByType(AbstractAutowireCapableBeanFactory.java:1519)
		... 68 more
	Caused by: org.springframework.beans.factory.BeanCreationException: Error creating bean with name 'dataSource' defined in com.wanshouyang.config.AppConfig: Bean instantiation via factory method failed; nested exception is org.springframework.beans.BeanInstantiationException: Failed to instantiate [javax.sql.DataSource]: Factory method 'dataSource' threw exception; nested exception is java.lang.NullPointerException
		at org.springframework.beans.factory.support.ConstructorResolver.instantiate(ConstructorResolver.java:653)
		at org.springframework.beans.factory.support.ConstructorResolver.instantiateUsingFactoryMethod(ConstructorResolver.java:481)
		at org.springframework.beans.factory.support.AbstractAutowireCapableBeanFactory.instantiateUsingFactoryMethod(AbstractAutowireCapableBeanFactory.java:1352)
		at org.springframework.beans.factory.support.AbstractAutowireCapableBeanFactory.createBeanInstance(AbstractAutowireCapableBeanFactory.java:1195)
		at org.springframework.beans.factory.support.AbstractAutowireCapableBeanFactory.doCreateBean(AbstractAutowireCapableBeanFactory.java:582)
		at org.springframework.beans.factory.support.AbstractAutowireCapableBeanFactory.createBean(AbstractAutowireCapableBeanFactory.java:542)
		at org.springframework.beans.factory.support.AbstractBeanFactory.lambda$doGetBean$0(AbstractBeanFactory.java:335)
		at org.springframework.beans.factory.support.DefaultSingletonBeanRegistry.getSingleton(DefaultSingletonBeanRegistry.java:234)
		at org.springframework.beans.factory.support.AbstractBeanFactory.doGetBean(AbstractBeanFactory.java:333)
		at org.springframework.beans.factory.support.AbstractBeanFactory.getBean(AbstractBeanFactory.java:208)
		at org.springframework.beans.factory.config.DependencyDescriptor.resolveCandidate(DependencyDescriptor.java:276)
		at org.springframework.beans.factory.support.DefaultListableBeanFactory.doResolveDependency(DefaultListableBeanFactory.java:1391)
		at org.springframework.beans.factory.support.DefaultListableBeanFactory.resolveDependency(DefaultListableBeanFactory.java:1311)
		at org.springframework.beans.factory.support.ConstructorResolver.resolveAutowiredArgument(ConstructorResolver.java:911)
		at org.springframework.beans.factory.support.ConstructorResolver.createArgumentArray(ConstructorResolver.java:788)
		... 81 more
	Caused by: org.springframework.beans.BeanInstantiationException: Failed to instantiate [javax.sql.DataSource]: Factory method 'dataSource' threw exception; nested exception is java.lang.NullPointerException
		at org.springframework.beans.factory.support.SimpleInstantiationStrategy.instantiate(SimpleInstantiationStrategy.java:185)
		at org.springframework.beans.factory.support.ConstructorResolver.instantiate(ConstructorResolver.java:648)
		... 95 more
	Caused by: java.lang.NullPointerException
		at java.base/java.util.concurrent.ConcurrentHashMap.putVal(ConcurrentHashMap.java:1011)
		at java.base/java.util.concurrent.ConcurrentHashMap.putIfAbsent(ConcurrentHashMap.java:1541)
		at java.base/java.lang.ClassLoader.getClassLoadingLock(ClassLoader.java:671)
		at org.apache.catalina.loader.WebappClassLoaderBase.loadClass(WebappClassLoaderBase.java:1189)
		at org.apache.catalina.loader.WebappClassLoaderBase.loadClass(WebappClassLoaderBase.java:1163)
		at com.zaxxer.hikari.HikariConfig.attemptFromContextLoader(HikariConfig.java:973)
		at com.zaxxer.hikari.HikariConfig.setDriverClassName(HikariConfig.java:483)
		at com.wanshouyang.config.AppConfig.dataSource(AppConfig.java:34)
		at java.base/jdk.internal.reflect.NativeMethodAccessorImpl.invoke0(Native Method)
		at java.base/jdk.internal.reflect.NativeMethodAccessorImpl.invoke(NativeMethodAccessorImpl.java:77)
		at java.base/jdk.internal.reflect.DelegatingMethodAccessorImpl.invoke(DelegatingMethodAccessorImpl.java:43)
		at java.base/java.lang.reflect.Method.invoke(Method.java:568)
		at org.springframework.beans.factory.support.SimpleInstantiationStrategy.instantiate(SimpleInstantiationStrategy.java:154)
		... 96 more
24-May-2026 01:09:04.030 信息 [main] org.apache.catalina.core.ApplicationContext.log Closing Spring root WebApplicationContext
24-May-2026 01:11:42.845 信息 [main] org.apache.catalina.core.ApplicationContext.log 1 Spring WebApplicationInitializers detected on classpath
24-May-2026 01:11:42.979 信息 [main] org.apache.catalina.core.ApplicationContext.log Initializing Spring root WebApplicationContext
24-May-2026 01:11:44.389 严重 [main] org.apache.catalina.core.StandardContext.listenerStart 发送上下文初始化事件到类的侦听器实例 [org.springframework.web.context.ContextLoaderListener] 时出现异常
	org.springframework.beans.factory.UnsatisfiedDependencyException: Error creating bean with name 'billService': Unsatisfied dependency expressed through field 'billMapper'; nested exception is org.springframework.beans.factory.UnsatisfiedDependencyException: Error creating bean with name 'billMapper' defined in file [D:\javaweb\workspace\PersonalBillStatistics\target\classes\com\wanshouyang\mapper\BillMapper.class]: Unsatisfied dependency expressed through bean property 'sqlSessionFactory'; nested exception is org.springframework.beans.factory.UnsatisfiedDependencyException: Error creating bean with name 'sqlSessionFactory' defined in com.wanshouyang.config.AppConfig: Unsatisfied dependency expressed through method 'sqlSessionFactory' parameter 0; nested exception is org.springframework.beans.factory.BeanCreationException: Error creating bean with name 'dataSource' defined in com.wanshouyang.config.AppConfig: Bean instantiation via factory method failed; nested exception is org.springframework.beans.BeanInstantiationException: Failed to instantiate [javax.sql.DataSource]: Factory method 'dataSource' threw exception; nested exception is java.lang.NullPointerException
		at org.springframework.beans.factory.annotation.AutowiredAnnotationBeanPostProcessor$AutowiredFieldElement.resolveFieldValue(AutowiredAnnotationBeanPostProcessor.java:713)
		at org.springframework.beans.factory.annotation.AutowiredAnnotationBeanPostProcessor$AutowiredFieldElement.inject(AutowiredAnnotationBeanPostProcessor.java:693)
		at org.springframework.beans.factory.annotation.InjectionMetadata.inject(InjectionMetadata.java:119)
		at org.springframework.beans.factory.annotation.AutowiredAnnotationBeanPostProcessor.postProcessProperties(AutowiredAnnotationBeanPostProcessor.java:408)
		at org.springframework.beans.factory.support.AbstractAutowireCapableBeanFactory.populateBean(AbstractAutowireCapableBeanFactory.java:1431)
		at org.springframework.beans.factory.support.AbstractAutowireCapableBeanFactory.doCreateBean(AbstractAutowireCapableBeanFactory.java:619)
		at org.springframework.beans.factory.support.AbstractAutowireCapableBeanFactory.createBean(AbstractAutowireCapableBeanFactory.java:542)
		at org.springframework.beans.factory.support.AbstractBeanFactory.lambda$doGetBean$0(AbstractBeanFactory.java:335)
		at org.springframework.beans.factory.support.DefaultSingletonBeanRegistry.getSingleton(DefaultSingletonBeanRegistry.java:234)
		at org.springframework.beans.factory.support.AbstractBeanFactory.doGetBean(AbstractBeanFactory.java:333)
		at org.springframework.beans.factory.support.AbstractBeanFactory.getBean(AbstractBeanFactory.java:208)
		at org.springframework.beans.factory.support.DefaultListableBeanFactory.preInstantiateSingletons(DefaultListableBeanFactory.java:955)
		at org.springframework.context.support.AbstractApplicationContext.finishBeanFactoryInitialization(AbstractApplicationContext.java:929)
		at org.springframework.context.support.AbstractApplicationContext.refresh(AbstractApplicationContext.java:591)
		at org.springframework.web.context.ContextLoader.configureAndRefreshWebApplicationContext(ContextLoader.java:399)
		at org.springframework.web.context.ContextLoader.initWebApplicationContext(ContextLoader.java:278)
		at org.springframework.web.context.ContextLoaderListener.contextInitialized(ContextLoaderListener.java:103)
		at org.apache.catalina.core.StandardContext.listenerStart(StandardContext.java:4057)
		at org.apache.catalina.core.StandardContext.startInternal(StandardContext.java:4501)
		at org.apache.catalina.util.LifecycleBase.start(LifecycleBase.java:164)
		at org.apache.catalina.core.ContainerBase.addChildInternal(ContainerBase.java:599)
		at org.apache.catalina.core.ContainerBase.addChild(ContainerBase.java:571)
		at org.apache.catalina.core.StandardHost.addChild(StandardHost.java:603)
		at org.apache.catalina.startup.HostConfig.deployDescriptor(HostConfig.java:680)
		at org.apache.catalina.startup.HostConfig$DeployDescriptor.run(HostConfig.java:1839)
		at java.base/java.util.concurrent.Executors$RunnableAdapter.call(Executors.java:539)
		at java.base/java.util.concurrent.FutureTask.run(FutureTask.java:264)
		at org.apache.tomcat.util.threads.InlineExecutorService.execute(InlineExecutorService.java:76)
		at java.base/java.util.concurrent.AbstractExecutorService.submit(AbstractExecutorService.java:123)
		at org.apache.catalina.startup.HostConfig.deployDescriptors(HostConfig.java:575)
		at org.apache.catalina.startup.HostConfig.deployApps(HostConfig.java:466)
		at org.apache.catalina.startup.HostConfig.start(HostConfig.java:1579)
		at org.apache.catalina.startup.HostConfig.lifecycleEvent(HostConfig.java:312)
		at org.apache.catalina.util.LifecycleBase.fireLifecycleEvent(LifecycleBase.java:109)
		at org.apache.catalina.util.LifecycleBase.setStateInternal(LifecycleBase.java:389)
		at org.apache.catalina.util.LifecycleBase.setState(LifecycleBase.java:336)
		at org.apache.catalina.core.ContainerBase.startInternal(ContainerBase.java:776)
		at org.apache.catalina.core.StandardHost.startInternal(StandardHost.java:721)
		at org.apache.catalina.util.LifecycleBase.start(LifecycleBase.java:164)
		at org.apache.catalina.core.ContainerBase$StartChild.call(ContainerBase.java:1203)
		at org.apache.catalina.core.ContainerBase$StartChild.call(ContainerBase.java:1193)
		at java.base/java.util.concurrent.FutureTask.run(FutureTask.java:264)
		at org.apache.tomcat.util.threads.InlineExecutorService.execute(InlineExecutorService.java:76)
		at java.base/java.util.concurrent.AbstractExecutorService.submit(AbstractExecutorService.java:145)
		at org.apache.catalina.core.ContainerBase.startInternal(ContainerBase.java:749)
		at org.apache.catalina.core.StandardEngine.startInternal(StandardEngine.java:211)
		at org.apache.catalina.util.LifecycleBase.start(LifecycleBase.java:164)
		at org.apache.catalina.core.StandardService.startInternal(StandardService.java:412)
		at org.apache.catalina.util.LifecycleBase.start(LifecycleBase.java:164)
		at org.apache.catalina.core.StandardServer.startInternal(StandardServer.java:874)
		at org.apache.catalina.util.LifecycleBase.start(LifecycleBase.java:164)
		at org.apache.catalina.startup.Catalina.start(Catalina.java:739)
		at java.base/jdk.internal.reflect.NativeMethodAccessorImpl.invoke0(Native Method)
		at java.base/jdk.internal.reflect.NativeMethodAccessorImpl.invoke(NativeMethodAccessorImpl.java:77)
		at java.base/jdk.internal.reflect.DelegatingMethodAccessorImpl.invoke(DelegatingMethodAccessorImpl.java:43)
		at java.base/java.lang.reflect.Method.invoke(Method.java:568)
		at org.apache.catalina.startup.Bootstrap.start(Bootstrap.java:345)
		at org.apache.catalina.startup.Bootstrap.main(Bootstrap.java:476)
	Caused by: org.springframework.beans.factory.UnsatisfiedDependencyException: Error creating bean with name 'billMapper' defined in file [D:\javaweb\workspace\PersonalBillStatistics\target\classes\com\wanshouyang\mapper\BillMapper.class]: Unsatisfied dependency expressed through bean property 'sqlSessionFactory'; nested exception is org.springframework.beans.factory.UnsatisfiedDependencyException: Error creating bean with name 'sqlSessionFactory' defined in com.wanshouyang.config.AppConfig: Unsatisfied dependency expressed through method 'sqlSessionFactory' parameter 0; nested exception is org.springframework.beans.factory.BeanCreationException: Error creating bean with name 'dataSource' defined in com.wanshouyang.config.AppConfig: Bean instantiation via factory method failed; nested exception is org.springframework.beans.BeanInstantiationException: Failed to instantiate [javax.sql.DataSource]: Factory method 'dataSource' threw exception; nested exception is java.lang.NullPointerException
		at org.springframework.beans.factory.support.AbstractAutowireCapableBeanFactory.autowireByType(AbstractAutowireCapableBeanFactory.java:1534)
		at org.springframework.beans.factory.support.AbstractAutowireCapableBeanFactory.populateBean(AbstractAutowireCapableBeanFactory.java:1417)
		at org.springframework.beans.factory.support.AbstractAutowireCapableBeanFactory.doCreateBean(AbstractAutowireCapableBeanFactory.java:619)
		at org.springframework.beans.factory.support.AbstractAutowireCapableBeanFactory.createBean(AbstractAutowireCapableBeanFactory.java:542)
		at org.springframework.beans.factory.support.AbstractBeanFactory.lambda$doGetBean$0(AbstractBeanFactory.java:335)
		at org.springframework.beans.factory.support.DefaultSingletonBeanRegistry.getSingleton(DefaultSingletonBeanRegistry.java:234)
		at org.springframework.beans.factory.support.AbstractBeanFactory.doGetBean(AbstractBeanFactory.java:333)
		at org.springframework.beans.factory.support.AbstractBeanFactory.getBean(AbstractBeanFactory.java:208)
		at org.springframework.beans.factory.config.DependencyDescriptor.resolveCandidate(DependencyDescriptor.java:276)
		at org.springframework.beans.factory.support.DefaultListableBeanFactory.doResolveDependency(DefaultListableBeanFactory.java:1391)
		at org.springframework.beans.factory.support.DefaultListableBeanFactory.resolveDependency(DefaultListableBeanFactory.java:1311)
		at org.springframework.beans.factory.annotation.AutowiredAnnotationBeanPostProcessor$AutowiredFieldElement.resolveFieldValue(AutowiredAnnotationBeanPostProcessor.java:710)
		... 57 more
	Caused by: org.springframework.beans.factory.UnsatisfiedDependencyException: Error creating bean with name 'sqlSessionFactory' defined in com.wanshouyang.config.AppConfig: Unsatisfied dependency expressed through method 'sqlSessionFactory' parameter 0; nested exception is org.springframework.beans.factory.BeanCreationException: Error creating bean with name 'dataSource' defined in com.wanshouyang.config.AppConfig: Bean instantiation via factory method failed; nested exception is org.springframework.beans.BeanInstantiationException: Failed to instantiate [javax.sql.DataSource]: Factory method 'dataSource' threw exception; nested exception is java.lang.NullPointerException
		at org.springframework.beans.factory.support.ConstructorResolver.createArgumentArray(ConstructorResolver.java:801)
		at org.springframework.beans.factory.support.ConstructorResolver.instantiateUsingFactoryMethod(ConstructorResolver.java:536)
		at org.springframework.beans.factory.support.AbstractAutowireCapableBeanFactory.instantiateUsingFactoryMethod(AbstractAutowireCapableBeanFactory.java:1352)
		at org.springframework.beans.factory.support.AbstractAutowireCapableBeanFactory.createBeanInstance(AbstractAutowireCapableBeanFactory.java:1195)
		at org.springframework.beans.factory.support.AbstractAutowireCapableBeanFactory.doCreateBean(AbstractAutowireCapableBeanFactory.java:582)
		at org.springframework.beans.factory.support.AbstractAutowireCapableBeanFactory.createBean(AbstractAutowireCapableBeanFactory.java:542)
		at org.springframework.beans.factory.support.AbstractBeanFactory.lambda$doGetBean$0(AbstractBeanFactory.java:335)
		at org.springframework.beans.factory.support.DefaultSingletonBeanRegistry.getSingleton(DefaultSingletonBeanRegistry.java:234)
		at org.springframework.beans.factory.support.AbstractBeanFactory.doGetBean(AbstractBeanFactory.java:333)
		at org.springframework.beans.factory.support.AbstractBeanFactory.getBean(AbstractBeanFactory.java:208)
		at org.springframework.beans.factory.config.DependencyDescriptor.resolveCandidate(DependencyDescriptor.java:276)
		at org.springframework.beans.factory.support.DefaultListableBeanFactory.doResolveDependency(DefaultListableBeanFactory.java:1391)
		at org.springframework.beans.factory.support.DefaultListableBeanFactory.resolveDependency(DefaultListableBeanFactory.java:1311)
		at org.springframework.beans.factory.support.AbstractAutowireCapableBeanFactory.autowireByType(AbstractAutowireCapableBeanFactory.java:1519)
		... 68 more
	Caused by: org.springframework.beans.factory.BeanCreationException: Error creating bean with name 'dataSource' defined in com.wanshouyang.config.AppConfig: Bean instantiation via factory method failed; nested exception is org.springframework.beans.BeanInstantiationException: Failed to instantiate [javax.sql.DataSource]: Factory method 'dataSource' threw exception; nested exception is java.lang.NullPointerException
		at org.springframework.beans.factory.support.ConstructorResolver.instantiate(ConstructorResolver.java:653)
		at org.springframework.beans.factory.support.ConstructorResolver.instantiateUsingFactoryMethod(ConstructorResolver.java:481)
		at org.springframework.beans.factory.support.AbstractAutowireCapableBeanFactory.instantiateUsingFactoryMethod(AbstractAutowireCapableBeanFactory.java:1352)
		at org.springframework.beans.factory.support.AbstractAutowireCapableBeanFactory.createBeanInstance(AbstractAutowireCapableBeanFactory.java:1195)
		at org.springframework.beans.factory.support.AbstractAutowireCapableBeanFactory.doCreateBean(AbstractAutowireCapableBeanFactory.java:582)
		at org.springframework.beans.factory.support.AbstractAutowireCapableBeanFactory.createBean(AbstractAutowireCapableBeanFactory.java:542)
		at org.springframework.beans.factory.support.AbstractBeanFactory.lambda$doGetBean$0(AbstractBeanFactory.java:335)
		at org.springframework.beans.factory.support.DefaultSingletonBeanRegistry.getSingleton(DefaultSingletonBeanRegistry.java:234)
		at org.springframework.beans.factory.support.AbstractBeanFactory.doGetBean(AbstractBeanFactory.java:333)
		at org.springframework.beans.factory.support.AbstractBeanFactory.getBean(AbstractBeanFactory.java:208)
		at org.springframework.beans.factory.config.DependencyDescriptor.resolveCandidate(DependencyDescriptor.java:276)
		at org.springframework.beans.factory.support.DefaultListableBeanFactory.doResolveDependency(DefaultListableBeanFactory.java:1391)
		at org.springframework.beans.factory.support.DefaultListableBeanFactory.resolveDependency(DefaultListableBeanFactory.java:1311)
		at org.springframework.beans.factory.support.ConstructorResolver.resolveAutowiredArgument(ConstructorResolver.java:911)
		at org.springframework.beans.factory.support.ConstructorResolver.createArgumentArray(ConstructorResolver.java:788)
		... 81 more
	Caused by: org.springframework.beans.BeanInstantiationException: Failed to instantiate [javax.sql.DataSource]: Factory method 'dataSource' threw exception; nested exception is java.lang.NullPointerException
		at org.springframework.beans.factory.support.SimpleInstantiationStrategy.instantiate(SimpleInstantiationStrategy.java:185)
		at org.springframework.beans.factory.support.ConstructorResolver.instantiate(ConstructorResolver.java:648)
		... 95 more
	Caused by: java.lang.NullPointerException
		at java.base/java.util.concurrent.ConcurrentHashMap.putVal(ConcurrentHashMap.java:1011)
		at java.base/java.util.concurrent.ConcurrentHashMap.putIfAbsent(ConcurrentHashMap.java:1541)
		at java.base/java.lang.ClassLoader.getClassLoadingLock(ClassLoader.java:671)
		at org.apache.catalina.loader.WebappClassLoaderBase.loadClass(WebappClassLoaderBase.java:1189)
		at org.apache.catalina.loader.WebappClassLoaderBase.loadClass(WebappClassLoaderBase.java:1163)
		at com.zaxxer.hikari.HikariConfig.attemptFromContextLoader(HikariConfig.java:973)
		at com.zaxxer.hikari.HikariConfig.setDriverClassName(HikariConfig.java:483)
		at com.wanshouyang.config.AppConfig.dataSource(AppConfig.java:34)
		at java.base/jdk.internal.reflect.NativeMethodAccessorImpl.invoke0(Native Method)
		at java.base/jdk.internal.reflect.NativeMethodAccessorImpl.invoke(NativeMethodAccessorImpl.java:77)
		at java.base/jdk.internal.reflect.DelegatingMethodAccessorImpl.invoke(DelegatingMethodAccessorImpl.java:43)
		at java.base/java.lang.reflect.Method.invoke(Method.java:568)
		at org.springframework.beans.factory.support.SimpleInstantiationStrategy.instantiate(SimpleInstantiationStrategy.java:154)
		... 96 more
24-May-2026 01:11:44.476 信息 [main] org.apache.catalina.core.ApplicationContext.log Closing Spring root WebApplicationContext
24-May-2026 01:13:44.450 信息 [main] org.apache.catalina.core.ApplicationContext.log 1 Spring WebApplicationInitializers detected on classpath
24-May-2026 01:13:44.566 信息 [main] org.apache.catalina.core.ApplicationContext.log Initializing Spring root WebApplicationContext
24-May-2026 01:13:45.828 严重 [main] org.apache.catalina.core.StandardContext.listenerStart 发送上下文初始化事件到类的侦听器实例 [org.springframework.web.context.ContextLoaderListener] 时出现异常
	org.springframework.beans.factory.UnsatisfiedDependencyException: Error creating bean with name 'billService': Unsatisfied dependency expressed through field 'billMapper'; nested exception is org.springframework.beans.factory.UnsatisfiedDependencyException: Error creating bean with name 'billMapper' defined in file [D:\javaweb\workspace\PersonalBillStatistics\target\classes\com\wanshouyang\mapper\BillMapper.class]: Unsatisfied dependency expressed through bean property 'sqlSessionFactory'; nested exception is org.springframework.beans.factory.UnsatisfiedDependencyException: Error creating bean with name 'sqlSessionFactory' defined in com.wanshouyang.config.AppConfig: Unsatisfied dependency expressed through method 'sqlSessionFactory' parameter 0; nested exception is org.springframework.beans.factory.BeanCreationException: Error creating bean with name 'dataSource' defined in com.wanshouyang.config.AppConfig: Bean instantiation via factory method failed; nested exception is org.springframework.beans.BeanInstantiationException: Failed to instantiate [javax.sql.DataSource]: Factory method 'dataSource' threw exception; nested exception is java.lang.NullPointerException
		at org.springframework.beans.factory.annotation.AutowiredAnnotationBeanPostProcessor$AutowiredFieldElement.resolveFieldValue(AutowiredAnnotationBeanPostProcessor.java:713)
		at org.springframework.beans.factory.annotation.AutowiredAnnotationBeanPostProcessor$AutowiredFieldElement.inject(AutowiredAnnotationBeanPostProcessor.java:693)
		at org.springframework.beans.factory.annotation.InjectionMetadata.inject(InjectionMetadata.java:119)
		at org.springframework.beans.factory.annotation.AutowiredAnnotationBeanPostProcessor.postProcessProperties(AutowiredAnnotationBeanPostProcessor.java:408)
		at org.springframework.beans.factory.support.AbstractAutowireCapableBeanFactory.populateBean(AbstractAutowireCapableBeanFactory.java:1431)
		at org.springframework.beans.factory.support.AbstractAutowireCapableBeanFactory.doCreateBean(AbstractAutowireCapableBeanFactory.java:619)
		at org.springframework.beans.factory.support.AbstractAutowireCapableBeanFactory.createBean(AbstractAutowireCapableBeanFactory.java:542)
		at org.springframework.beans.factory.support.AbstractBeanFactory.lambda$doGetBean$0(AbstractBeanFactory.java:335)
		at org.springframework.beans.factory.support.DefaultSingletonBeanRegistry.getSingleton(DefaultSingletonBeanRegistry.java:234)
		at org.springframework.beans.factory.support.AbstractBeanFactory.doGetBean(AbstractBeanFactory.java:333)
		at org.springframework.beans.factory.support.AbstractBeanFactory.getBean(AbstractBeanFactory.java:208)
		at org.springframework.beans.factory.support.DefaultListableBeanFactory.preInstantiateSingletons(DefaultListableBeanFactory.java:955)
		at org.springframework.context.support.AbstractApplicationContext.finishBeanFactoryInitialization(AbstractApplicationContext.java:929)
		at org.springframework.context.support.AbstractApplicationContext.refresh(AbstractApplicationContext.java:591)
		at org.springframework.web.context.ContextLoader.configureAndRefreshWebApplicationContext(ContextLoader.java:399)
		at org.springframework.web.context.ContextLoader.initWebApplicationContext(ContextLoader.java:278)
		at org.springframework.web.context.ContextLoaderListener.contextInitialized(ContextLoaderListener.java:103)
		at org.apache.catalina.core.StandardContext.listenerStart(StandardContext.java:4057)
		at org.apache.catalina.core.StandardContext.startInternal(StandardContext.java:4501)
		at org.apache.catalina.util.LifecycleBase.start(LifecycleBase.java:164)
		at org.apache.catalina.core.ContainerBase.addChildInternal(ContainerBase.java:599)
		at org.apache.catalina.core.ContainerBase.addChild(ContainerBase.java:571)
		at org.apache.catalina.core.StandardHost.addChild(StandardHost.java:603)
		at org.apache.catalina.startup.HostConfig.deployDescriptor(HostConfig.java:680)
		at org.apache.catalina.startup.HostConfig$DeployDescriptor.run(HostConfig.java:1839)
		at java.base/java.util.concurrent.Executors$RunnableAdapter.call(Executors.java:539)
		at java.base/java.util.concurrent.FutureTask.run(FutureTask.java:264)
		at org.apache.tomcat.util.threads.InlineExecutorService.execute(InlineExecutorService.java:76)
		at java.base/java.util.concurrent.AbstractExecutorService.submit(AbstractExecutorService.java:123)
		at org.apache.catalina.startup.HostConfig.deployDescriptors(HostConfig.java:575)
		at org.apache.catalina.startup.HostConfig.deployApps(HostConfig.java:466)
		at org.apache.catalina.startup.HostConfig.start(HostConfig.java:1579)
		at org.apache.catalina.startup.HostConfig.lifecycleEvent(HostConfig.java:312)
		at org.apache.catalina.util.LifecycleBase.fireLifecycleEvent(LifecycleBase.java:109)
		at org.apache.catalina.util.LifecycleBase.setStateInternal(LifecycleBase.java:389)
		at org.apache.catalina.util.LifecycleBase.setState(LifecycleBase.java:336)
		at org.apache.catalina.core.ContainerBase.startInternal(ContainerBase.java:776)
		at org.apache.catalina.core.StandardHost.startInternal(StandardHost.java:721)
		at org.apache.catalina.util.LifecycleBase.start(LifecycleBase.java:164)
		at org.apache.catalina.core.ContainerBase$StartChild.call(ContainerBase.java:1203)
		at org.apache.catalina.core.ContainerBase$StartChild.call(ContainerBase.java:1193)
		at java.base/java.util.concurrent.FutureTask.run(FutureTask.java:264)
		at org.apache.tomcat.util.threads.InlineExecutorService.execute(InlineExecutorService.java:76)
		at java.base/java.util.concurrent.AbstractExecutorService.submit(AbstractExecutorService.java:145)
		at org.apache.catalina.core.ContainerBase.startInternal(ContainerBase.java:749)
		at org.apache.catalina.core.StandardEngine.startInternal(StandardEngine.java:211)
		at org.apache.catalina.util.LifecycleBase.start(LifecycleBase.java:164)
		at org.apache.catalina.core.StandardService.startInternal(StandardService.java:412)
		at org.apache.catalina.util.LifecycleBase.start(LifecycleBase.java:164)
		at org.apache.catalina.core.StandardServer.startInternal(StandardServer.java:874)
		at org.apache.catalina.util.LifecycleBase.start(LifecycleBase.java:164)
		at org.apache.catalina.startup.Catalina.start(Catalina.java:739)
		at java.base/jdk.internal.reflect.NativeMethodAccessorImpl.invoke0(Native Method)
		at java.base/jdk.internal.reflect.NativeMethodAccessorImpl.invoke(NativeMethodAccessorImpl.java:77)
		at java.base/jdk.internal.reflect.DelegatingMethodAccessorImpl.invoke(DelegatingMethodAccessorImpl.java:43)
		at java.base/java.lang.reflect.Method.invoke(Method.java:568)
		at org.apache.catalina.startup.Bootstrap.start(Bootstrap.java:345)
		at org.apache.catalina.startup.Bootstrap.main(Bootstrap.java:476)
	Caused by: org.springframework.beans.factory.UnsatisfiedDependencyException: Error creating bean with name 'billMapper' defined in file [D:\javaweb\workspace\PersonalBillStatistics\target\classes\com\wanshouyang\mapper\BillMapper.class]: Unsatisfied dependency expressed through bean property 'sqlSessionFactory'; nested exception is org.springframework.beans.factory.UnsatisfiedDependencyException: Error creating bean with name 'sqlSessionFactory' defined in com.wanshouyang.config.AppConfig: Unsatisfied dependency expressed through method 'sqlSessionFactory' parameter 0; nested exception is org.springframework.beans.factory.BeanCreationException: Error creating bean with name 'dataSource' defined in com.wanshouyang.config.AppConfig: Bean instantiation via factory method failed; nested exception is org.springframework.beans.BeanInstantiationException: Failed to instantiate [javax.sql.DataSource]: Factory method 'dataSource' threw exception; nested exception is java.lang.NullPointerException
		at org.springframework.beans.factory.support.AbstractAutowireCapableBeanFactory.autowireByType(AbstractAutowireCapableBeanFactory.java:1534)
		at org.springframework.beans.factory.support.AbstractAutowireCapableBeanFactory.populateBean(AbstractAutowireCapableBeanFactory.java:1417)
		at org.springframework.beans.factory.support.AbstractAutowireCapableBeanFactory.doCreateBean(AbstractAutowireCapableBeanFactory.java:619)
		at org.springframework.beans.factory.support.AbstractAutowireCapableBeanFactory.createBean(AbstractAutowireCapableBeanFactory.java:542)
		at org.springframework.beans.factory.support.AbstractBeanFactory.lambda$doGetBean$0(AbstractBeanFactory.java:335)
		at org.springframework.beans.factory.support.DefaultSingletonBeanRegistry.getSingleton(DefaultSingletonBeanRegistry.java:234)
		at org.springframework.beans.factory.support.AbstractBeanFactory.doGetBean(AbstractBeanFactory.java:333)
		at org.springframework.beans.factory.support.AbstractBeanFactory.getBean(AbstractBeanFactory.java:208)
		at org.springframework.beans.factory.config.DependencyDescriptor.resolveCandidate(DependencyDescriptor.java:276)
		at org.springframework.beans.factory.support.DefaultListableBeanFactory.doResolveDependency(DefaultListableBeanFactory.java:1391)
		at org.springframework.beans.factory.support.DefaultListableBeanFactory.resolveDependency(DefaultListableBeanFactory.java:1311)
		at org.springframework.beans.factory.annotation.AutowiredAnnotationBeanPostProcessor$AutowiredFieldElement.resolveFieldValue(AutowiredAnnotationBeanPostProcessor.java:710)
		... 57 more
	Caused by: org.springframework.beans.factory.UnsatisfiedDependencyException: Error creating bean with name 'sqlSessionFactory' defined in com.wanshouyang.config.AppConfig: Unsatisfied dependency expressed through method 'sqlSessionFactory' parameter 0; nested exception is org.springframework.beans.factory.BeanCreationException: Error creating bean with name 'dataSource' defined in com.wanshouyang.config.AppConfig: Bean instantiation via factory method failed; nested exception is org.springframework.beans.BeanInstantiationException: Failed to instantiate [javax.sql.DataSource]: Factory method 'dataSource' threw exception; nested exception is java.lang.NullPointerException
		at org.springframework.beans.factory.support.ConstructorResolver.createArgumentArray(ConstructorResolver.java:801)
		at org.springframework.beans.factory.support.ConstructorResolver.instantiateUsingFactoryMethod(ConstructorResolver.java:536)
		at org.springframework.beans.factory.support.AbstractAutowireCapableBeanFactory.instantiateUsingFactoryMethod(AbstractAutowireCapableBeanFactory.java:1352)
		at org.springframework.beans.factory.support.AbstractAutowireCapableBeanFactory.createBeanInstance(AbstractAutowireCapableBeanFactory.java:1195)
		at org.springframework.beans.factory.support.AbstractAutowireCapableBeanFactory.doCreateBean(AbstractAutowireCapableBeanFactory.java:582)
		at org.springframework.beans.factory.support.AbstractAutowireCapableBeanFactory.createBean(AbstractAutowireCapableBeanFactory.java:542)
		at org.springframework.beans.factory.support.AbstractBeanFactory.lambda$doGetBean$0(AbstractBeanFactory.java:335)
		at org.springframework.beans.factory.support.DefaultSingletonBeanRegistry.getSingleton(DefaultSingletonBeanRegistry.java:234)
		at org.springframework.beans.factory.support.AbstractBeanFactory.doGetBean(AbstractBeanFactory.java:333)
		at org.springframework.beans.factory.support.AbstractBeanFactory.getBean(AbstractBeanFactory.java:208)
		at org.springframework.beans.factory.config.DependencyDescriptor.resolveCandidate(DependencyDescriptor.java:276)
		at org.springframework.beans.factory.support.DefaultListableBeanFactory.doResolveDependency(DefaultListableBeanFactory.java:1391)
		at org.springframework.beans.factory.support.DefaultListableBeanFactory.resolveDependency(DefaultListableBeanFactory.java:1311)
		at org.springframework.beans.factory.support.AbstractAutowireCapableBeanFactory.autowireByType(AbstractAutowireCapableBeanFactory.java:1519)
		... 68 more
	Caused by: org.springframework.beans.factory.BeanCreationException: Error creating bean with name 'dataSource' defined in com.wanshouyang.config.AppConfig: Bean instantiation via factory method failed; nested exception is org.springframework.beans.BeanInstantiationException: Failed to instantiate [javax.sql.DataSource]: Factory method 'dataSource' threw exception; nested exception is java.lang.NullPointerException
		at org.springframework.beans.factory.support.ConstructorResolver.instantiate(ConstructorResolver.java:653)
		at org.springframework.beans.factory.support.ConstructorResolver.instantiateUsingFactoryMethod(ConstructorResolver.java:481)
		at org.springframework.beans.factory.support.AbstractAutowireCapableBeanFactory.instantiateUsingFactoryMethod(AbstractAutowireCapableBeanFactory.java:1352)
		at org.springframework.beans.factory.support.AbstractAutowireCapableBeanFactory.createBeanInstance(AbstractAutowireCapableBeanFactory.java:1195)
		at org.springframework.beans.factory.support.AbstractAutowireCapableBeanFactory.doCreateBean(AbstractAutowireCapableBeanFactory.java:582)
		at org.springframework.beans.factory.support.AbstractAutowireCapableBeanFactory.createBean(AbstractAutowireCapableBeanFactory.java:542)
		at org.springframework.beans.factory.support.AbstractBeanFactory.lambda$doGetBean$0(AbstractBeanFactory.java:335)
		at org.springframework.beans.factory.support.DefaultSingletonBeanRegistry.getSingleton(DefaultSingletonBeanRegistry.java:234)
		at org.springframework.beans.factory.support.AbstractBeanFactory.doGetBean(AbstractBeanFactory.java:333)
		at org.springframework.beans.factory.support.AbstractBeanFactory.getBean(AbstractBeanFactory.java:208)
		at org.springframework.beans.factory.config.DependencyDescriptor.resolveCandidate(DependencyDescriptor.java:276)
		at org.springframework.beans.factory.support.DefaultListableBeanFactory.doResolveDependency(DefaultListableBeanFactory.java:1391)
		at org.springframework.beans.factory.support.DefaultListableBeanFactory.resolveDependency(DefaultListableBeanFactory.java:1311)
		at org.springframework.beans.factory.support.ConstructorResolver.resolveAutowiredArgument(ConstructorResolver.java:911)
		at org.springframework.beans.factory.support.ConstructorResolver.createArgumentArray(ConstructorResolver.java:788)
		... 81 more
	Caused by: org.springframework.beans.BeanInstantiationException: Failed to instantiate [javax.sql.DataSource]: Factory method 'dataSource' threw exception; nested exception is java.lang.NullPointerException
		at org.springframework.beans.factory.support.SimpleInstantiationStrategy.instantiate(SimpleInstantiationStrategy.java:185)
		at org.springframework.beans.factory.support.ConstructorResolver.instantiate(ConstructorResolver.java:648)
		... 95 more
	Caused by: java.lang.NullPointerException
		at java.base/java.util.concurrent.ConcurrentHashMap.putVal(ConcurrentHashMap.java:1011)
		at java.base/java.util.concurrent.ConcurrentHashMap.putIfAbsent(ConcurrentHashMap.java:1541)
		at java.base/java.lang.ClassLoader.getClassLoadingLock(ClassLoader.java:671)
		at org.apache.catalina.loader.WebappClassLoaderBase.loadClass(WebappClassLoaderBase.java:1189)
		at org.apache.catalina.loader.WebappClassLoaderBase.loadClass(WebappClassLoaderBase.java:1163)
		at com.zaxxer.hikari.HikariConfig.attemptFromContextLoader(HikariConfig.java:973)
		at com.zaxxer.hikari.HikariConfig.setDriverClassName(HikariConfig.java:483)
		at com.wanshouyang.config.AppConfig.dataSource(AppConfig.java:34)
		at java.base/jdk.internal.reflect.NativeMethodAccessorImpl.invoke0(Native Method)
		at java.base/jdk.internal.reflect.NativeMethodAccessorImpl.invoke(NativeMethodAccessorImpl.java:77)
		at java.base/jdk.internal.reflect.DelegatingMethodAccessorImpl.invoke(DelegatingMethodAccessorImpl.java:43)
		at java.base/java.lang.reflect.Method.invoke(Method.java:568)
		at org.springframework.beans.factory.support.SimpleInstantiationStrategy.instantiate(SimpleInstantiationStrategy.java:154)
		... 96 more
24-May-2026 01:13:45.933 信息 [main] org.apache.catalina.core.ApplicationContext.log Closing Spring root WebApplicationContext
24-May-2026 01:15:27.412 信息 [main] org.apache.catalina.core.ApplicationContext.log 1 Spring WebApplicationInitializers detected on classpath
24-May-2026 01:15:27.531 信息 [main] org.apache.catalina.core.ApplicationContext.log Initializing Spring root WebApplicationContext
24-May-2026 01:15:28.883 严重 [main] org.apache.catalina.core.StandardContext.listenerStart 发送上下文初始化事件到类的侦听器实例 [org.springframework.web.context.ContextLoaderListener] 时出现异常
	org.springframework.beans.factory.UnsatisfiedDependencyException: Error creating bean with name 'billService': Unsatisfied dependency expressed through field 'billMapper'; nested exception is org.springframework.beans.factory.UnsatisfiedDependencyException: Error creating bean with name 'billMapper' defined in file [D:\javaweb\workspace\PersonalBillStatistics\target\classes\com\wanshouyang\mapper\BillMapper.class]: Unsatisfied dependency expressed through bean property 'sqlSessionFactory'; nested exception is org.springframework.beans.factory.UnsatisfiedDependencyException: Error creating bean with name 'sqlSessionFactory' defined in com.wanshouyang.config.AppConfig: Unsatisfied dependency expressed through method 'sqlSessionFactory' parameter 0; nested exception is org.springframework.beans.factory.BeanCreationException: Error creating bean with name 'dataSource' defined in com.wanshouyang.config.AppConfig: Bean instantiation via factory method failed; nested exception is org.springframework.beans.BeanInstantiationException: Failed to instantiate [javax.sql.DataSource]: Factory method 'dataSource' threw exception; nested exception is java.lang.NullPointerException
		at org.springframework.beans.factory.annotation.AutowiredAnnotationBeanPostProcessor$AutowiredFieldElement.resolveFieldValue(AutowiredAnnotationBeanPostProcessor.java:713)
		at org.springframework.beans.factory.annotation.AutowiredAnnotationBeanPostProcessor$AutowiredFieldElement.inject(AutowiredAnnotationBeanPostProcessor.java:693)
		at org.springframework.beans.factory.annotation.InjectionMetadata.inject(InjectionMetadata.java:119)
		at org.springframework.beans.factory.annotation.AutowiredAnnotationBeanPostProcessor.postProcessProperties(AutowiredAnnotationBeanPostProcessor.java:408)
		at org.springframework.beans.factory.support.AbstractAutowireCapableBeanFactory.populateBean(AbstractAutowireCapableBeanFactory.java:1431)
		at org.springframework.beans.factory.support.AbstractAutowireCapableBeanFactory.doCreateBean(AbstractAutowireCapableBeanFactory.java:619)
		at org.springframework.beans.factory.support.AbstractAutowireCapableBeanFactory.createBean(AbstractAutowireCapableBeanFactory.java:542)
		at org.springframework.beans.factory.support.AbstractBeanFactory.lambda$doGetBean$0(AbstractBeanFactory.java:335)
		at org.springframework.beans.factory.support.DefaultSingletonBeanRegistry.getSingleton(DefaultSingletonBeanRegistry.java:234)
		at org.springframework.beans.factory.support.AbstractBeanFactory.doGetBean(AbstractBeanFactory.java:333)
		at org.springframework.beans.factory.support.AbstractBeanFactory.getBean(AbstractBeanFactory.java:208)
		at org.springframework.beans.factory.support.DefaultListableBeanFactory.preInstantiateSingletons(DefaultListableBeanFactory.java:955)
		at org.springframework.context.support.AbstractApplicationContext.finishBeanFactoryInitialization(AbstractApplicationContext.java:929)
		at org.springframework.context.support.AbstractApplicationContext.refresh(AbstractApplicationContext.java:591)
		at org.springframework.web.context.ContextLoader.configureAndRefreshWebApplicationContext(ContextLoader.java:399)
		at org.springframework.web.context.ContextLoader.initWebApplicationContext(ContextLoader.java:278)
		at org.springframework.web.context.ContextLoaderListener.contextInitialized(ContextLoaderListener.java:103)
		at org.apache.catalina.core.StandardContext.listenerStart(StandardContext.java:4057)
		at org.apache.catalina.core.StandardContext.startInternal(StandardContext.java:4501)
		at org.apache.catalina.util.LifecycleBase.start(LifecycleBase.java:164)
		at org.apache.catalina.core.ContainerBase.addChildInternal(ContainerBase.java:599)
		at org.apache.catalina.core.ContainerBase.addChild(ContainerBase.java:571)
		at org.apache.catalina.core.StandardHost.addChild(StandardHost.java:603)
		at org.apache.catalina.startup.HostConfig.deployDescriptor(HostConfig.java:680)
		at org.apache.catalina.startup.HostConfig$DeployDescriptor.run(HostConfig.java:1839)
		at java.base/java.util.concurrent.Executors$RunnableAdapter.call(Executors.java:539)
		at java.base/java.util.concurrent.FutureTask.run(FutureTask.java:264)
		at org.apache.tomcat.util.threads.InlineExecutorService.execute(InlineExecutorService.java:76)
		at java.base/java.util.concurrent.AbstractExecutorService.submit(AbstractExecutorService.java:123)
		at org.apache.catalina.startup.HostConfig.deployDescriptors(HostConfig.java:575)
		at org.apache.catalina.startup.HostConfig.deployApps(HostConfig.java:466)
		at org.apache.catalina.startup.HostConfig.start(HostConfig.java:1579)
		at org.apache.catalina.startup.HostConfig.lifecycleEvent(HostConfig.java:312)
		at org.apache.catalina.util.LifecycleBase.fireLifecycleEvent(LifecycleBase.java:109)
		at org.apache.catalina.util.LifecycleBase.setStateInternal(LifecycleBase.java:389)
		at org.apache.catalina.util.LifecycleBase.setState(LifecycleBase.java:336)
		at org.apache.catalina.core.ContainerBase.startInternal(ContainerBase.java:776)
		at org.apache.catalina.core.StandardHost.startInternal(StandardHost.java:721)
		at org.apache.catalina.util.LifecycleBase.start(LifecycleBase.java:164)
		at org.apache.catalina.core.ContainerBase$StartChild.call(ContainerBase.java:1203)
		at org.apache.catalina.core.ContainerBase$StartChild.call(ContainerBase.java:1193)
		at java.base/java.util.concurrent.FutureTask.run(FutureTask.java:264)
		at org.apache.tomcat.util.threads.InlineExecutorService.execute(InlineExecutorService.java:76)
		at java.base/java.util.concurrent.AbstractExecutorService.submit(AbstractExecutorService.java:145)
		at org.apache.catalina.core.ContainerBase.startInternal(ContainerBase.java:749)
		at org.apache.catalina.core.StandardEngine.startInternal(StandardEngine.java:211)
		at org.apache.catalina.util.LifecycleBase.start(LifecycleBase.java:164)
		at org.apache.catalina.core.StandardService.startInternal(StandardService.java:412)
		at org.apache.catalina.util.LifecycleBase.start(LifecycleBase.java:164)
		at org.apache.catalina.core.StandardServer.startInternal(StandardServer.java:874)
		at org.apache.catalina.util.LifecycleBase.start(LifecycleBase.java:164)
		at org.apache.catalina.startup.Catalina.start(Catalina.java:739)
		at java.base/jdk.internal.reflect.NativeMethodAccessorImpl.invoke0(Native Method)
		at java.base/jdk.internal.reflect.NativeMethodAccessorImpl.invoke(NativeMethodAccessorImpl.java:77)
		at java.base/jdk.internal.reflect.DelegatingMethodAccessorImpl.invoke(DelegatingMethodAccessorImpl.java:43)
		at java.base/java.lang.reflect.Method.invoke(Method.java:568)
		at org.apache.catalina.startup.Bootstrap.start(Bootstrap.java:345)
		at org.apache.catalina.startup.Bootstrap.main(Bootstrap.java:476)
	Caused by: org.springframework.beans.factory.UnsatisfiedDependencyException: Error creating bean with name 'billMapper' defined in file [D:\javaweb\workspace\PersonalBillStatistics\target\classes\com\wanshouyang\mapper\BillMapper.class]: Unsatisfied dependency expressed through bean property 'sqlSessionFactory'; nested exception is org.springframework.beans.factory.UnsatisfiedDependencyException: Error creating bean with name 'sqlSessionFactory' defined in com.wanshouyang.config.AppConfig: Unsatisfied dependency expressed through method 'sqlSessionFactory' parameter 0; nested exception is org.springframework.beans.factory.BeanCreationException: Error creating bean with name 'dataSource' defined in com.wanshouyang.config.AppConfig: Bean instantiation via factory method failed; nested exception is org.springframework.beans.BeanInstantiationException: Failed to instantiate [javax.sql.DataSource]: Factory method 'dataSource' threw exception; nested exception is java.lang.NullPointerException
		at org.springframework.beans.factory.support.AbstractAutowireCapableBeanFactory.autowireByType(AbstractAutowireCapableBeanFactory.java:1534)
		at org.springframework.beans.factory.support.AbstractAutowireCapableBeanFactory.populateBean(AbstractAutowireCapableBeanFactory.java:1417)
		at org.springframework.beans.factory.support.AbstractAutowireCapableBeanFactory.doCreateBean(AbstractAutowireCapableBeanFactory.java:619)
		at org.springframework.beans.factory.support.AbstractAutowireCapableBeanFactory.createBean(AbstractAutowireCapableBeanFactory.java:542)
		at org.springframework.beans.factory.support.AbstractBeanFactory.lambda$doGetBean$0(AbstractBeanFactory.java:335)
		at org.springframework.beans.factory.support.DefaultSingletonBeanRegistry.getSingleton(DefaultSingletonBeanRegistry.java:234)
		at org.springframework.beans.factory.support.AbstractBeanFactory.doGetBean(AbstractBeanFactory.java:333)
		at org.springframework.beans.factory.support.AbstractBeanFactory.getBean(AbstractBeanFactory.java:208)
		at org.springframework.beans.factory.config.DependencyDescriptor.resolveCandidate(DependencyDescriptor.java:276)
		at org.springframework.beans.factory.support.DefaultListableBeanFactory.doResolveDependency(DefaultListableBeanFactory.java:1391)
		at org.springframework.beans.factory.support.DefaultListableBeanFactory.resolveDependency(DefaultListableBeanFactory.java:1311)
		at org.springframework.beans.factory.annotation.AutowiredAnnotationBeanPostProcessor$AutowiredFieldElement.resolveFieldValue(AutowiredAnnotationBeanPostProcessor.java:710)
		... 57 more
	Caused by: org.springframework.beans.factory.UnsatisfiedDependencyException: Error creating bean with name 'sqlSessionFactory' defined in com.wanshouyang.config.AppConfig: Unsatisfied dependency expressed through method 'sqlSessionFactory' parameter 0; nested exception is org.springframework.beans.factory.BeanCreationException: Error creating bean with name 'dataSource' defined in com.wanshouyang.config.AppConfig: Bean instantiation via factory method failed; nested exception is org.springframework.beans.BeanInstantiationException: Failed to instantiate [javax.sql.DataSource]: Factory method 'dataSource' threw exception; nested exception is java.lang.NullPointerException
		at org.springframework.beans.factory.support.ConstructorResolver.createArgumentArray(ConstructorResolver.java:801)
		at org.springframework.beans.factory.support.ConstructorResolver.instantiateUsingFactoryMethod(ConstructorResolver.java:536)
		at org.springframework.beans.factory.support.AbstractAutowireCapableBeanFactory.instantiateUsingFactoryMethod(AbstractAutowireCapableBeanFactory.java:1352)
		at org.springframework.beans.factory.support.AbstractAutowireCapableBeanFactory.createBeanInstance(AbstractAutowireCapableBeanFactory.java:1195)
		at org.springframework.beans.factory.support.AbstractAutowireCapableBeanFactory.doCreateBean(AbstractAutowireCapableBeanFactory.java:582)
		at org.springframework.beans.factory.support.AbstractAutowireCapableBeanFactory.createBean(AbstractAutowireCapableBeanFactory.java:542)
		at org.springframework.beans.factory.support.AbstractBeanFactory.lambda$doGetBean$0(AbstractBeanFactory.java:335)
		at org.springframework.beans.factory.support.DefaultSingletonBeanRegistry.getSingleton(DefaultSingletonBeanRegistry.java:234)
		at org.springframework.beans.factory.support.AbstractBeanFactory.doGetBean(AbstractBeanFactory.java:333)
		at org.springframework.beans.factory.support.AbstractBeanFactory.getBean(AbstractBeanFactory.java:208)
		at org.springframework.beans.factory.config.DependencyDescriptor.resolveCandidate(DependencyDescriptor.java:276)
		at org.springframework.beans.factory.support.DefaultListableBeanFactory.doResolveDependency(DefaultListableBeanFactory.java:1391)
		at org.springframework.beans.factory.support.DefaultListableBeanFactory.resolveDependency(DefaultListableBeanFactory.java:1311)
		at org.springframework.beans.factory.support.AbstractAutowireCapableBeanFactory.autowireByType(AbstractAutowireCapableBeanFactory.java:1519)
		... 68 more
	Caused by: org.springframework.beans.factory.BeanCreationException: Error creating bean with name 'dataSource' defined in com.wanshouyang.config.AppConfig: Bean instantiation via factory method failed; nested exception is org.springframework.beans.BeanInstantiationException: Failed to instantiate [javax.sql.DataSource]: Factory method 'dataSource' threw exception; nested exception is java.lang.NullPointerException
		at org.springframework.beans.factory.support.ConstructorResolver.instantiate(ConstructorResolver.java:653)
		at org.springframework.beans.factory.support.ConstructorResolver.instantiateUsingFactoryMethod(ConstructorResolver.java:481)
		at org.springframework.beans.factory.support.AbstractAutowireCapableBeanFactory.instantiateUsingFactoryMethod(AbstractAutowireCapableBeanFactory.java:1352)
		at org.springframework.beans.factory.support.AbstractAutowireCapableBeanFactory.createBeanInstance(AbstractAutowireCapableBeanFactory.java:1195)
		at org.springframework.beans.factory.support.AbstractAutowireCapableBeanFactory.doCreateBean(AbstractAutowireCapableBeanFactory.java:582)
		at org.springframework.beans.factory.support.AbstractAutowireCapableBeanFactory.createBean(AbstractAutowireCapableBeanFactory.java:542)
		at org.springframework.beans.factory.support.AbstractBeanFactory.lambda$doGetBean$0(AbstractBeanFactory.java:335)
		at org.springframework.beans.factory.support.DefaultSingletonBeanRegistry.getSingleton(DefaultSingletonBeanRegistry.java:234)
		at org.springframework.beans.factory.support.AbstractBeanFactory.doGetBean(AbstractBeanFactory.java:333)
		at org.springframework.beans.factory.support.AbstractBeanFactory.getBean(AbstractBeanFactory.java:208)
		at org.springframework.beans.factory.config.DependencyDescriptor.resolveCandidate(DependencyDescriptor.java:276)
		at org.springframework.beans.factory.support.DefaultListableBeanFactory.doResolveDependency(DefaultListableBeanFactory.java:1391)
		at org.springframework.beans.factory.support.DefaultListableBeanFactory.resolveDependency(DefaultListableBeanFactory.java:1311)
		at org.springframework.beans.factory.support.ConstructorResolver.resolveAutowiredArgument(ConstructorResolver.java:911)
		at org.springframework.beans.factory.support.ConstructorResolver.createArgumentArray(ConstructorResolver.java:788)
		... 81 more
	Caused by: org.springframework.beans.BeanInstantiationException: Failed to instantiate [javax.sql.DataSource]: Factory method 'dataSource' threw exception; nested exception is java.lang.NullPointerException
		at org.springframework.beans.factory.support.SimpleInstantiationStrategy.instantiate(SimpleInstantiationStrategy.java:185)
		at org.springframework.beans.factory.support.ConstructorResolver.instantiate(ConstructorResolver.java:648)
		... 95 more
	Caused by: java.lang.NullPointerException
		at java.base/java.util.concurrent.ConcurrentHashMap.putVal(ConcurrentHashMap.java:1011)
		at java.base/java.util.concurrent.ConcurrentHashMap.putIfAbsent(ConcurrentHashMap.java:1541)
		at java.base/java.lang.ClassLoader.getClassLoadingLock(ClassLoader.java:671)
		at org.apache.catalina.loader.WebappClassLoaderBase.loadClass(WebappClassLoaderBase.java:1189)
		at org.apache.catalina.loader.WebappClassLoaderBase.loadClass(WebappClassLoaderBase.java:1163)
		at com.zaxxer.hikari.HikariConfig.attemptFromContextLoader(HikariConfig.java:973)
		at com.zaxxer.hikari.HikariConfig.setDriverClassName(HikariConfig.java:483)
		at com.wanshouyang.config.AppConfig.dataSource(AppConfig.java:40)
		at java.base/jdk.internal.reflect.NativeMethodAccessorImpl.invoke0(Native Method)
		at java.base/jdk.internal.reflect.NativeMethodAccessorImpl.invoke(NativeMethodAccessorImpl.java:77)
		at java.base/jdk.internal.reflect.DelegatingMethodAccessorImpl.invoke(DelegatingMethodAccessorImpl.java:43)
		at java.base/java.lang.reflect.Method.invoke(Method.java:568)
		at org.springframework.beans.factory.support.SimpleInstantiationStrategy.instantiate(SimpleInstantiationStrategy.java:154)
		... 96 more
24-May-2026 01:15:28.979 信息 [main] org.apache.catalina.core.ApplicationContext.log Closing Spring root WebApplicationContext
24-May-2026 01:15:53.434 信息 [main] org.apache.catalina.core.ApplicationContext.log 1 Spring WebApplicationInitializers detected on classpath
24-May-2026 01:15:53.545 信息 [main] org.apache.catalina.core.ApplicationContext.log Initializing Spring root WebApplicationContext
24-May-2026 01:15:54.792 严重 [main] org.apache.catalina.core.StandardContext.listenerStart 发送上下文初始化事件到类的侦听器实例 [org.springframework.web.context.ContextLoaderListener] 时出现异常
	org.springframework.beans.factory.UnsatisfiedDependencyException: Error creating bean with name 'billService': Unsatisfied dependency expressed through field 'billMapper'; nested exception is org.springframework.beans.factory.UnsatisfiedDependencyException: Error creating bean with name 'billMapper' defined in file [D:\javaweb\workspace\PersonalBillStatistics\target\classes\com\wanshouyang\mapper\BillMapper.class]: Unsatisfied dependency expressed through bean property 'sqlSessionFactory'; nested exception is org.springframework.beans.factory.UnsatisfiedDependencyException: Error creating bean with name 'sqlSessionFactory' defined in com.wanshouyang.config.AppConfig: Unsatisfied dependency expressed through method 'sqlSessionFactory' parameter 0; nested exception is org.springframework.beans.factory.BeanCreationException: Error creating bean with name 'dataSource' defined in com.wanshouyang.config.AppConfig: Bean instantiation via factory method failed; nested exception is org.springframework.beans.BeanInstantiationException: Failed to instantiate [javax.sql.DataSource]: Factory method 'dataSource' threw exception; nested exception is java.lang.NullPointerException
		at org.springframework.beans.factory.annotation.AutowiredAnnotationBeanPostProcessor$AutowiredFieldElement.resolveFieldValue(AutowiredAnnotationBeanPostProcessor.java:713)
		at org.springframework.beans.factory.annotation.AutowiredAnnotationBeanPostProcessor$AutowiredFieldElement.inject(AutowiredAnnotationBeanPostProcessor.java:693)
		at org.springframework.beans.factory.annotation.InjectionMetadata.inject(InjectionMetadata.java:119)
		at org.springframework.beans.factory.annotation.AutowiredAnnotationBeanPostProcessor.postProcessProperties(AutowiredAnnotationBeanPostProcessor.java:408)
		at org.springframework.beans.factory.support.AbstractAutowireCapableBeanFactory.populateBean(AbstractAutowireCapableBeanFactory.java:1431)
		at org.springframework.beans.factory.support.AbstractAutowireCapableBeanFactory.doCreateBean(AbstractAutowireCapableBeanFactory.java:619)
		at org.springframework.beans.factory.support.AbstractAutowireCapableBeanFactory.createBean(AbstractAutowireCapableBeanFactory.java:542)
		at org.springframework.beans.factory.support.AbstractBeanFactory.lambda$doGetBean$0(AbstractBeanFactory.java:335)
		at org.springframework.beans.factory.support.DefaultSingletonBeanRegistry.getSingleton(DefaultSingletonBeanRegistry.java:234)
		at org.springframework.beans.factory.support.AbstractBeanFactory.doGetBean(AbstractBeanFactory.java:333)
		at org.springframework.beans.factory.support.AbstractBeanFactory.getBean(AbstractBeanFactory.java:208)
		at org.springframework.beans.factory.support.DefaultListableBeanFactory.preInstantiateSingletons(DefaultListableBeanFactory.java:955)
		at org.springframework.context.support.AbstractApplicationContext.finishBeanFactoryInitialization(AbstractApplicationContext.java:929)
		at org.springframework.context.support.AbstractApplicationContext.refresh(AbstractApplicationContext.java:591)
		at org.springframework.web.context.ContextLoader.configureAndRefreshWebApplicationContext(ContextLoader.java:399)
		at org.springframework.web.context.ContextLoader.initWebApplicationContext(ContextLoader.java:278)
		at org.springframework.web.context.ContextLoaderListener.contextInitialized(ContextLoaderListener.java:103)
		at org.apache.catalina.core.StandardContext.listenerStart(StandardContext.java:4057)
		at org.apache.catalina.core.StandardContext.startInternal(StandardContext.java:4501)
		at org.apache.catalina.util.LifecycleBase.start(LifecycleBase.java:164)
		at org.apache.catalina.core.ContainerBase.addChildInternal(ContainerBase.java:599)
		at org.apache.catalina.core.ContainerBase.addChild(ContainerBase.java:571)
		at org.apache.catalina.core.StandardHost.addChild(StandardHost.java:603)
		at org.apache.catalina.startup.HostConfig.deployDescriptor(HostConfig.java:680)
		at org.apache.catalina.startup.HostConfig$DeployDescriptor.run(HostConfig.java:1839)
		at java.base/java.util.concurrent.Executors$RunnableAdapter.call(Executors.java:539)
		at java.base/java.util.concurrent.FutureTask.run(FutureTask.java:264)
		at org.apache.tomcat.util.threads.InlineExecutorService.execute(InlineExecutorService.java:76)
		at java.base/java.util.concurrent.AbstractExecutorService.submit(AbstractExecutorService.java:123)
		at org.apache.catalina.startup.HostConfig.deployDescriptors(HostConfig.java:575)
		at org.apache.catalina.startup.HostConfig.deployApps(HostConfig.java:466)
		at org.apache.catalina.startup.HostConfig.start(HostConfig.java:1579)
		at org.apache.catalina.startup.HostConfig.lifecycleEvent(HostConfig.java:312)
		at org.apache.catalina.util.LifecycleBase.fireLifecycleEvent(LifecycleBase.java:109)
		at org.apache.catalina.util.LifecycleBase.setStateInternal(LifecycleBase.java:389)
		at org.apache.catalina.util.LifecycleBase.setState(LifecycleBase.java:336)
		at org.apache.catalina.core.ContainerBase.startInternal(ContainerBase.java:776)
		at org.apache.catalina.core.StandardHost.startInternal(StandardHost.java:721)
		at org.apache.catalina.util.LifecycleBase.start(LifecycleBase.java:164)
		at org.apache.catalina.core.ContainerBase$StartChild.call(ContainerBase.java:1203)
		at org.apache.catalina.core.ContainerBase$StartChild.call(ContainerBase.java:1193)
		at java.base/java.util.concurrent.FutureTask.run(FutureTask.java:264)
		at org.apache.tomcat.util.threads.InlineExecutorService.execute(InlineExecutorService.java:76)
		at java.base/java.util.concurrent.AbstractExecutorService.submit(AbstractExecutorService.java:145)
		at org.apache.catalina.core.ContainerBase.startInternal(ContainerBase.java:749)
		at org.apache.catalina.core.StandardEngine.startInternal(StandardEngine.java:211)
		at org.apache.catalina.util.LifecycleBase.start(LifecycleBase.java:164)
		at org.apache.catalina.core.StandardService.startInternal(StandardService.java:412)
		at org.apache.catalina.util.LifecycleBase.start(LifecycleBase.java:164)
		at org.apache.catalina.core.StandardServer.startInternal(StandardServer.java:874)
		at org.apache.catalina.util.LifecycleBase.start(LifecycleBase.java:164)
		at org.apache.catalina.startup.Catalina.start(Catalina.java:739)
		at java.base/jdk.internal.reflect.NativeMethodAccessorImpl.invoke0(Native Method)
		at java.base/jdk.internal.reflect.NativeMethodAccessorImpl.invoke(NativeMethodAccessorImpl.java:77)
		at java.base/jdk.internal.reflect.DelegatingMethodAccessorImpl.invoke(DelegatingMethodAccessorImpl.java:43)
		at java.base/java.lang.reflect.Method.invoke(Method.java:568)
		at org.apache.catalina.startup.Bootstrap.start(Bootstrap.java:345)
		at org.apache.catalina.startup.Bootstrap.main(Bootstrap.java:476)
	Caused by: org.springframework.beans.factory.UnsatisfiedDependencyException: Error creating bean with name 'billMapper' defined in file [D:\javaweb\workspace\PersonalBillStatistics\target\classes\com\wanshouyang\mapper\BillMapper.class]: Unsatisfied dependency expressed through bean property 'sqlSessionFactory'; nested exception is org.springframework.beans.factory.UnsatisfiedDependencyException: Error creating bean with name 'sqlSessionFactory' defined in com.wanshouyang.config.AppConfig: Unsatisfied dependency expressed through method 'sqlSessionFactory' parameter 0; nested exception is org.springframework.beans.factory.BeanCreationException: Error creating bean with name 'dataSource' defined in com.wanshouyang.config.AppConfig: Bean instantiation via factory method failed; nested exception is org.springframework.beans.BeanInstantiationException: Failed to instantiate [javax.sql.DataSource]: Factory method 'dataSource' threw exception; nested exception is java.lang.NullPointerException
		at org.springframework.beans.factory.support.AbstractAutowireCapableBeanFactory.autowireByType(AbstractAutowireCapableBeanFactory.java:1534)
		at org.springframework.beans.factory.support.AbstractAutowireCapableBeanFactory.populateBean(AbstractAutowireCapableBeanFactory.java:1417)
		at org.springframework.beans.factory.support.AbstractAutowireCapableBeanFactory.doCreateBean(AbstractAutowireCapableBeanFactory.java:619)
		at org.springframework.beans.factory.support.AbstractAutowireCapableBeanFactory.createBean(AbstractAutowireCapableBeanFactory.java:542)
		at org.springframework.beans.factory.support.AbstractBeanFactory.lambda$doGetBean$0(AbstractBeanFactory.java:335)
		at org.springframework.beans.factory.support.DefaultSingletonBeanRegistry.getSingleton(DefaultSingletonBeanRegistry.java:234)
		at org.springframework.beans.factory.support.AbstractBeanFactory.doGetBean(AbstractBeanFactory.java:333)
		at org.springframework.beans.factory.support.AbstractBeanFactory.getBean(AbstractBeanFactory.java:208)
		at org.springframework.beans.factory.config.DependencyDescriptor.resolveCandidate(DependencyDescriptor.java:276)
		at org.springframework.beans.factory.support.DefaultListableBeanFactory.doResolveDependency(DefaultListableBeanFactory.java:1391)
		at org.springframework.beans.factory.support.DefaultListableBeanFactory.resolveDependency(DefaultListableBeanFactory.java:1311)
		at org.springframework.beans.factory.annotation.AutowiredAnnotationBeanPostProcessor$AutowiredFieldElement.resolveFieldValue(AutowiredAnnotationBeanPostProcessor.java:710)
		... 57 more
	Caused by: org.springframework.beans.factory.UnsatisfiedDependencyException: Error creating bean with name 'sqlSessionFactory' defined in com.wanshouyang.config.AppConfig: Unsatisfied dependency expressed through method 'sqlSessionFactory' parameter 0; nested exception is org.springframework.beans.factory.BeanCreationException: Error creating bean with name 'dataSource' defined in com.wanshouyang.config.AppConfig: Bean instantiation via factory method failed; nested exception is org.springframework.beans.BeanInstantiationException: Failed to instantiate [javax.sql.DataSource]: Factory method 'dataSource' threw exception; nested exception is java.lang.NullPointerException
		at org.springframework.beans.factory.support.ConstructorResolver.createArgumentArray(ConstructorResolver.java:801)
		at org.springframework.beans.factory.support.ConstructorResolver.instantiateUsingFactoryMethod(ConstructorResolver.java:536)
		at org.springframework.beans.factory.support.AbstractAutowireCapableBeanFactory.instantiateUsingFactoryMethod(AbstractAutowireCapableBeanFactory.java:1352)
		at org.springframework.beans.factory.support.AbstractAutowireCapableBeanFactory.createBeanInstance(AbstractAutowireCapableBeanFactory.java:1195)
		at org.springframework.beans.factory.support.AbstractAutowireCapableBeanFactory.doCreateBean(AbstractAutowireCapableBeanFactory.java:582)
		at org.springframework.beans.factory.support.AbstractAutowireCapableBeanFactory.createBean(AbstractAutowireCapableBeanFactory.java:542)
		at org.springframework.beans.factory.support.AbstractBeanFactory.lambda$doGetBean$0(AbstractBeanFactory.java:335)
		at org.springframework.beans.factory.support.DefaultSingletonBeanRegistry.getSingleton(DefaultSingletonBeanRegistry.java:234)
		at org.springframework.beans.factory.support.AbstractBeanFactory.doGetBean(AbstractBeanFactory.java:333)
		at org.springframework.beans.factory.support.AbstractBeanFactory.getBean(AbstractBeanFactory.java:208)
		at org.springframework.beans.factory.config.DependencyDescriptor.resolveCandidate(DependencyDescriptor.java:276)
		at org.springframework.beans.factory.support.DefaultListableBeanFactory.doResolveDependency(DefaultListableBeanFactory.java:1391)
		at org.springframework.beans.factory.support.DefaultListableBeanFactory.resolveDependency(DefaultListableBeanFactory.java:1311)
		at org.springframework.beans.factory.support.AbstractAutowireCapableBeanFactory.autowireByType(AbstractAutowireCapableBeanFactory.java:1519)
		... 68 more
	Caused by: org.springframework.beans.factory.BeanCreationException: Error creating bean with name 'dataSource' defined in com.wanshouyang.config.AppConfig: Bean instantiation via factory method failed; nested exception is org.springframework.beans.BeanInstantiationException: Failed to instantiate [javax.sql.DataSource]: Factory method 'dataSource' threw exception; nested exception is java.lang.NullPointerException
		at org.springframework.beans.factory.support.ConstructorResolver.instantiate(ConstructorResolver.java:653)
		at org.springframework.beans.factory.support.ConstructorResolver.instantiateUsingFactoryMethod(ConstructorResolver.java:481)
		at org.springframework.beans.factory.support.AbstractAutowireCapableBeanFactory.instantiateUsingFactoryMethod(AbstractAutowireCapableBeanFactory.java:1352)
		at org.springframework.beans.factory.support.AbstractAutowireCapableBeanFactory.createBeanInstance(AbstractAutowireCapableBeanFactory.java:1195)
		at org.springframework.beans.factory.support.AbstractAutowireCapableBeanFactory.doCreateBean(AbstractAutowireCapableBeanFactory.java:582)
		at org.springframework.beans.factory.support.AbstractAutowireCapableBeanFactory.createBean(AbstractAutowireCapableBeanFactory.java:542)
		at org.springframework.beans.factory.support.AbstractBeanFactory.lambda$doGetBean$0(AbstractBeanFactory.java:335)
		at org.springframework.beans.factory.support.DefaultSingletonBeanRegistry.getSingleton(DefaultSingletonBeanRegistry.java:234)
		at org.springframework.beans.factory.support.AbstractBeanFactory.doGetBean(AbstractBeanFactory.java:333)
		at org.springframework.beans.factory.support.AbstractBeanFactory.getBean(AbstractBeanFactory.java:208)
		at org.springframework.beans.factory.config.DependencyDescriptor.resolveCandidate(DependencyDescriptor.java:276)
		at org.springframework.beans.factory.support.DefaultListableBeanFactory.doResolveDependency(DefaultListableBeanFactory.java:1391)
		at org.springframework.beans.factory.support.DefaultListableBeanFactory.resolveDependency(DefaultListableBeanFactory.java:1311)
		at org.springframework.beans.factory.support.ConstructorResolver.resolveAutowiredArgument(ConstructorResolver.java:911)
		at org.springframework.beans.factory.support.ConstructorResolver.createArgumentArray(ConstructorResolver.java:788)
		... 81 more
	Caused by: org.springframework.beans.BeanInstantiationException: Failed to instantiate [javax.sql.DataSource]: Factory method 'dataSource' threw exception; nested exception is java.lang.NullPointerException
		at org.springframework.beans.factory.support.SimpleInstantiationStrategy.instantiate(SimpleInstantiationStrategy.java:185)
		at org.springframework.beans.factory.support.ConstructorResolver.instantiate(ConstructorResolver.java:648)
		... 95 more
	Caused by: java.lang.NullPointerException
		at java.base/java.util.concurrent.ConcurrentHashMap.putVal(ConcurrentHashMap.java:1011)
		at java.base/java.util.concurrent.ConcurrentHashMap.putIfAbsent(ConcurrentHashMap.java:1541)
		at java.base/java.lang.ClassLoader.getClassLoadingLock(ClassLoader.java:671)
		at org.apache.catalina.loader.WebappClassLoaderBase.loadClass(WebappClassLoaderBase.java:1189)
		at org.apache.catalina.loader.WebappClassLoaderBase.loadClass(WebappClassLoaderBase.java:1163)
		at com.zaxxer.hikari.HikariConfig.attemptFromContextLoader(HikariConfig.java:973)
		at com.zaxxer.hikari.HikariConfig.setDriverClassName(HikariConfig.java:483)
		at com.wanshouyang.config.AppConfig.dataSource(AppConfig.java:35)
		at java.base/jdk.internal.reflect.NativeMethodAccessorImpl.invoke0(Native Method)
		at java.base/jdk.internal.reflect.NativeMethodAccessorImpl.invoke(NativeMethodAccessorImpl.java:77)
		at java.base/jdk.internal.reflect.DelegatingMethodAccessorImpl.invoke(DelegatingMethodAccessorImpl.java:43)
		at java.base/java.lang.reflect.Method.invoke(Method.java:568)
		at org.springframework.beans.factory.support.SimpleInstantiationStrategy.instantiate(SimpleInstantiationStrategy.java:154)
		... 96 more
24-May-2026 01:15:54.887 信息 [main] org.apache.catalina.core.ApplicationContext.log Closing Spring root WebApplicationContext
24-May-2026 01:22:17.214 信息 [main] org.apache.catalina.core.ApplicationContext.log 1 Spring WebApplicationInitializers detected on classpath
24-May-2026 01:22:17.367 信息 [main] org.apache.catalina.core.ApplicationContext.log Initializing Spring root WebApplicationContext
24-May-2026 01:22:18.777 严重 [main] org.apache.catalina.core.StandardContext.listenerStart 发送上下文初始化事件到类的侦听器实例 [org.springframework.web.context.ContextLoaderListener] 时出现异常
	org.springframework.beans.factory.UnsatisfiedDependencyException: Error creating bean with name 'billService': Unsatisfied dependency expressed through field 'billMapper'; nested exception is org.springframework.beans.factory.UnsatisfiedDependencyException: Error creating bean with name 'billMapper' defined in file [D:\javaweb\workspace\PersonalBillStatistics\target\classes\com\wanshouyang\mapper\BillMapper.class]: Unsatisfied dependency expressed through bean property 'sqlSessionFactory'; nested exception is org.springframework.beans.factory.UnsatisfiedDependencyException: Error creating bean with name 'sqlSessionFactory' defined in com.wanshouyang.config.AppConfig: Unsatisfied dependency expressed through method 'sqlSessionFactory' parameter 0; nested exception is org.springframework.beans.factory.BeanCreationException: Error creating bean with name 'dataSource' defined in com.wanshouyang.config.AppConfig: Bean instantiation via factory method failed; nested exception is org.springframework.beans.BeanInstantiationException: Failed to instantiate [javax.sql.DataSource]: Factory method 'dataSource' threw exception; nested exception is java.lang.NullPointerException
		at org.springframework.beans.factory.annotation.AutowiredAnnotationBeanPostProcessor$AutowiredFieldElement.resolveFieldValue(AutowiredAnnotationBeanPostProcessor.java:713)
		at org.springframework.beans.factory.annotation.AutowiredAnnotationBeanPostProcessor$AutowiredFieldElement.inject(AutowiredAnnotationBeanPostProcessor.java:693)
		at org.springframework.beans.factory.annotation.InjectionMetadata.inject(InjectionMetadata.java:119)
		at org.springframework.beans.factory.annotation.AutowiredAnnotationBeanPostProcessor.postProcessProperties(AutowiredAnnotationBeanPostProcessor.java:408)
		at org.springframework.beans.factory.support.AbstractAutowireCapableBeanFactory.populateBean(AbstractAutowireCapableBeanFactory.java:1431)
		at org.springframework.beans.factory.support.AbstractAutowireCapableBeanFactory.doCreateBean(AbstractAutowireCapableBeanFactory.java:619)
		at org.springframework.beans.factory.support.AbstractAutowireCapableBeanFactory.createBean(AbstractAutowireCapableBeanFactory.java:542)
		at org.springframework.beans.factory.support.AbstractBeanFactory.lambda$doGetBean$0(AbstractBeanFactory.java:335)
		at org.springframework.beans.factory.support.DefaultSingletonBeanRegistry.getSingleton(DefaultSingletonBeanRegistry.java:234)
		at org.springframework.beans.factory.support.AbstractBeanFactory.doGetBean(AbstractBeanFactory.java:333)
		at org.springframework.beans.factory.support.AbstractBeanFactory.getBean(AbstractBeanFactory.java:208)
		at org.springframework.beans.factory.support.DefaultListableBeanFactory.preInstantiateSingletons(DefaultListableBeanFactory.java:955)
		at org.springframework.context.support.AbstractApplicationContext.finishBeanFactoryInitialization(AbstractApplicationContext.java:929)
		at org.springframework.context.support.AbstractApplicationContext.refresh(AbstractApplicationContext.java:591)
		at org.springframework.web.context.ContextLoader.configureAndRefreshWebApplicationContext(ContextLoader.java:399)
		at org.springframework.web.context.ContextLoader.initWebApplicationContext(ContextLoader.java:278)
		at org.springframework.web.context.ContextLoaderListener.contextInitialized(ContextLoaderListener.java:103)
		at org.apache.catalina.core.StandardContext.listenerStart(StandardContext.java:4057)
		at org.apache.catalina.core.StandardContext.startInternal(StandardContext.java:4501)
		at org.apache.catalina.util.LifecycleBase.start(LifecycleBase.java:164)
		at org.apache.catalina.core.ContainerBase.addChildInternal(ContainerBase.java:599)
		at org.apache.catalina.core.ContainerBase.addChild(ContainerBase.java:571)
		at org.apache.catalina.core.StandardHost.addChild(StandardHost.java:603)
		at org.apache.catalina.startup.HostConfig.deployDescriptor(HostConfig.java:680)
		at org.apache.catalina.startup.HostConfig$DeployDescriptor.run(HostConfig.java:1839)
		at java.base/java.util.concurrent.Executors$RunnableAdapter.call(Executors.java:539)
		at java.base/java.util.concurrent.FutureTask.run(FutureTask.java:264)
		at org.apache.tomcat.util.threads.InlineExecutorService.execute(InlineExecutorService.java:76)
		at java.base/java.util.concurrent.AbstractExecutorService.submit(AbstractExecutorService.java:123)
		at org.apache.catalina.startup.HostConfig.deployDescriptors(HostConfig.java:575)
		at org.apache.catalina.startup.HostConfig.deployApps(HostConfig.java:466)
		at org.apache.catalina.startup.HostConfig.start(HostConfig.java:1579)
		at org.apache.catalina.startup.HostConfig.lifecycleEvent(HostConfig.java:312)
		at org.apache.catalina.util.LifecycleBase.fireLifecycleEvent(LifecycleBase.java:109)
		at org.apache.catalina.util.LifecycleBase.setStateInternal(LifecycleBase.java:389)
		at org.apache.catalina.util.LifecycleBase.setState(LifecycleBase.java:336)
		at org.apache.catalina.core.ContainerBase.startInternal(ContainerBase.java:776)
		at org.apache.catalina.core.StandardHost.startInternal(StandardHost.java:721)
		at org.apache.catalina.util.LifecycleBase.start(LifecycleBase.java:164)
		at org.apache.catalina.core.ContainerBase$StartChild.call(ContainerBase.java:1203)
		at org.apache.catalina.core.ContainerBase$StartChild.call(ContainerBase.java:1193)
		at java.base/java.util.concurrent.FutureTask.run(FutureTask.java:264)
		at org.apache.tomcat.util.threads.InlineExecutorService.execute(InlineExecutorService.java:76)
		at java.base/java.util.concurrent.AbstractExecutorService.submit(AbstractExecutorService.java:145)
		at org.apache.catalina.core.ContainerBase.startInternal(ContainerBase.java:749)
		at org.apache.catalina.core.StandardEngine.startInternal(StandardEngine.java:211)
		at org.apache.catalina.util.LifecycleBase.start(LifecycleBase.java:164)
		at org.apache.catalina.core.StandardService.startInternal(StandardService.java:412)
		at org.apache.catalina.util.LifecycleBase.start(LifecycleBase.java:164)
		at org.apache.catalina.core.StandardServer.startInternal(StandardServer.java:874)
		at org.apache.catalina.util.LifecycleBase.start(LifecycleBase.java:164)
		at org.apache.catalina.startup.Catalina.start(Catalina.java:739)
		at java.base/jdk.internal.reflect.NativeMethodAccessorImpl.invoke0(Native Method)
		at java.base/jdk.internal.reflect.NativeMethodAccessorImpl.invoke(NativeMethodAccessorImpl.java:77)
		at java.base/jdk.internal.reflect.DelegatingMethodAccessorImpl.invoke(DelegatingMethodAccessorImpl.java:43)
		at java.base/java.lang.reflect.Method.invoke(Method.java:568)
		at org.apache.catalina.startup.Bootstrap.start(Bootstrap.java:345)
		at org.apache.catalina.startup.Bootstrap.main(Bootstrap.java:476)
	Caused by: org.springframework.beans.factory.UnsatisfiedDependencyException: Error creating bean with name 'billMapper' defined in file [D:\javaweb\workspace\PersonalBillStatistics\target\classes\com\wanshouyang\mapper\BillMapper.class]: Unsatisfied dependency expressed through bean property 'sqlSessionFactory'; nested exception is org.springframework.beans.factory.UnsatisfiedDependencyException: Error creating bean with name 'sqlSessionFactory' defined in com.wanshouyang.config.AppConfig: Unsatisfied dependency expressed through method 'sqlSessionFactory' parameter 0; nested exception is org.springframework.beans.factory.BeanCreationException: Error creating bean with name 'dataSource' defined in com.wanshouyang.config.AppConfig: Bean instantiation via factory method failed; nested exception is org.springframework.beans.BeanInstantiationException: Failed to instantiate [javax.sql.DataSource]: Factory method 'dataSource' threw exception; nested exception is java.lang.NullPointerException
		at org.springframework.beans.factory.support.AbstractAutowireCapableBeanFactory.autowireByType(AbstractAutowireCapableBeanFactory.java:1534)
		at org.springframework.beans.factory.support.AbstractAutowireCapableBeanFactory.populateBean(AbstractAutowireCapableBeanFactory.java:1417)
		at org.springframework.beans.factory.support.AbstractAutowireCapableBeanFactory.doCreateBean(AbstractAutowireCapableBeanFactory.java:619)
		at org.springframework.beans.factory.support.AbstractAutowireCapableBeanFactory.createBean(AbstractAutowireCapableBeanFactory.java:542)
		at org.springframework.beans.factory.support.AbstractBeanFactory.lambda$doGetBean$0(AbstractBeanFactory.java:335)
		at org.springframework.beans.factory.support.DefaultSingletonBeanRegistry.getSingleton(DefaultSingletonBeanRegistry.java:234)
		at org.springframework.beans.factory.support.AbstractBeanFactory.doGetBean(AbstractBeanFactory.java:333)
		at org.springframework.beans.factory.support.AbstractBeanFactory.getBean(AbstractBeanFactory.java:208)
		at org.springframework.beans.factory.config.DependencyDescriptor.resolveCandidate(DependencyDescriptor.java:276)
		at org.springframework.beans.factory.support.DefaultListableBeanFactory.doResolveDependency(DefaultListableBeanFactory.java:1391)
		at org.springframework.beans.factory.support.DefaultListableBeanFactory.resolveDependency(DefaultListableBeanFactory.java:1311)
		at org.springframework.beans.factory.annotation.AutowiredAnnotationBeanPostProcessor$AutowiredFieldElement.resolveFieldValue(AutowiredAnnotationBeanPostProcessor.java:710)
		... 57 more
	Caused by: org.springframework.beans.factory.UnsatisfiedDependencyException: Error creating bean with name 'sqlSessionFactory' defined in com.wanshouyang.config.AppConfig: Unsatisfied dependency expressed through method 'sqlSessionFactory' parameter 0; nested exception is org.springframework.beans.factory.BeanCreationException: Error creating bean with name 'dataSource' defined in com.wanshouyang.config.AppConfig: Bean instantiation via factory method failed; nested exception is org.springframework.beans.BeanInstantiationException: Failed to instantiate [javax.sql.DataSource]: Factory method 'dataSource' threw exception; nested exception is java.lang.NullPointerException
		at org.springframework.beans.factory.support.ConstructorResolver.createArgumentArray(ConstructorResolver.java:801)
		at org.springframework.beans.factory.support.ConstructorResolver.instantiateUsingFactoryMethod(ConstructorResolver.java:536)
		at org.springframework.beans.factory.support.AbstractAutowireCapableBeanFactory.instantiateUsingFactoryMethod(AbstractAutowireCapableBeanFactory.java:1352)
		at org.springframework.beans.factory.support.AbstractAutowireCapableBeanFactory.createBeanInstance(AbstractAutowireCapableBeanFactory.java:1195)
		at org.springframework.beans.factory.support.AbstractAutowireCapableBeanFactory.doCreateBean(AbstractAutowireCapableBeanFactory.java:582)
		at org.springframework.beans.factory.support.AbstractAutowireCapableBeanFactory.createBean(AbstractAutowireCapableBeanFactory.java:542)
		at org.springframework.beans.factory.support.AbstractBeanFactory.lambda$doGetBean$0(AbstractBeanFactory.java:335)
		at org.springframework.beans.factory.support.DefaultSingletonBeanRegistry.getSingleton(DefaultSingletonBeanRegistry.java:234)
		at org.springframework.beans.factory.support.AbstractBeanFactory.doGetBean(AbstractBeanFactory.java:333)
		at org.springframework.beans.factory.support.AbstractBeanFactory.getBean(AbstractBeanFactory.java:208)
		at org.springframework.beans.factory.config.DependencyDescriptor.resolveCandidate(DependencyDescriptor.java:276)
		at org.springframework.beans.factory.support.DefaultListableBeanFactory.doResolveDependency(DefaultListableBeanFactory.java:1391)
		at org.springframework.beans.factory.support.DefaultListableBeanFactory.resolveDependency(DefaultListableBeanFactory.java:1311)
		at org.springframework.beans.factory.support.AbstractAutowireCapableBeanFactory.autowireByType(AbstractAutowireCapableBeanFactory.java:1519)
		... 68 more
	Caused by: org.springframework.beans.factory.BeanCreationException: Error creating bean with name 'dataSource' defined in com.wanshouyang.config.AppConfig: Bean instantiation via factory method failed; nested exception is org.springframework.beans.BeanInstantiationException: Failed to instantiate [javax.sql.DataSource]: Factory method 'dataSource' threw exception; nested exception is java.lang.NullPointerException
		at org.springframework.beans.factory.support.ConstructorResolver.instantiate(ConstructorResolver.java:653)
		at org.springframework.beans.factory.support.ConstructorResolver.instantiateUsingFactoryMethod(ConstructorResolver.java:481)
		at org.springframework.beans.factory.support.AbstractAutowireCapableBeanFactory.instantiateUsingFactoryMethod(AbstractAutowireCapableBeanFactory.java:1352)
		at org.springframework.beans.factory.support.AbstractAutowireCapableBeanFactory.createBeanInstance(AbstractAutowireCapableBeanFactory.java:1195)
		at org.springframework.beans.factory.support.AbstractAutowireCapableBeanFactory.doCreateBean(AbstractAutowireCapableBeanFactory.java:582)
		at org.springframework.beans.factory.support.AbstractAutowireCapableBeanFactory.createBean(AbstractAutowireCapableBeanFactory.java:542)
		at org.springframework.beans.factory.support.AbstractBeanFactory.lambda$doGetBean$0(AbstractBeanFactory.java:335)
		at org.springframework.beans.factory.support.DefaultSingletonBeanRegistry.getSingleton(DefaultSingletonBeanRegistry.java:234)
		at org.springframework.beans.factory.support.AbstractBeanFactory.doGetBean(AbstractBeanFactory.java:333)
		at org.springframework.beans.factory.support.AbstractBeanFactory.getBean(AbstractBeanFactory.java:208)
		at org.springframework.beans.factory.config.DependencyDescriptor.resolveCandidate(DependencyDescriptor.java:276)
		at org.springframework.beans.factory.support.DefaultListableBeanFactory.doResolveDependency(DefaultListableBeanFactory.java:1391)
		at org.springframework.beans.factory.support.DefaultListableBeanFactory.resolveDependency(DefaultListableBeanFactory.java:1311)
		at org.springframework.beans.factory.support.ConstructorResolver.resolveAutowiredArgument(ConstructorResolver.java:911)
		at org.springframework.beans.factory.support.ConstructorResolver.createArgumentArray(ConstructorResolver.java:788)
		... 81 more
	Caused by: org.springframework.beans.BeanInstantiationException: Failed to instantiate [javax.sql.DataSource]: Factory method 'dataSource' threw exception; nested exception is java.lang.NullPointerException
		at org.springframework.beans.factory.support.SimpleInstantiationStrategy.instantiate(SimpleInstantiationStrategy.java:185)
		at org.springframework.beans.factory.support.ConstructorResolver.instantiate(ConstructorResolver.java:648)
		... 95 more
	Caused by: java.lang.NullPointerException
		at java.base/java.util.concurrent.ConcurrentHashMap.putVal(ConcurrentHashMap.java:1011)
		at java.base/java.util.concurrent.ConcurrentHashMap.putIfAbsent(ConcurrentHashMap.java:1541)
		at java.base/java.lang.ClassLoader.getClassLoadingLock(ClassLoader.java:671)
		at org.apache.catalina.loader.WebappClassLoaderBase.loadClass(WebappClassLoaderBase.java:1189)
		at org.apache.catalina.loader.WebappClassLoaderBase.loadClass(WebappClassLoaderBase.java:1163)
		at com.zaxxer.hikari.HikariConfig.attemptFromContextLoader(HikariConfig.java:973)
		at com.zaxxer.hikari.HikariConfig.setDriverClassName(HikariConfig.java:483)
		at com.wanshouyang.config.AppConfig.dataSource(AppConfig.java:41)
		at java.base/jdk.internal.reflect.NativeMethodAccessorImpl.invoke0(Native Method)
		at java.base/jdk.internal.reflect.NativeMethodAccessorImpl.invoke(NativeMethodAccessorImpl.java:77)
		at java.base/jdk.internal.reflect.DelegatingMethodAccessorImpl.invoke(DelegatingMethodAccessorImpl.java:43)
		at java.base/java.lang.reflect.Method.invoke(Method.java:568)
		at org.springframework.beans.factory.support.SimpleInstantiationStrategy.instantiate(SimpleInstantiationStrategy.java:154)
		... 96 more
24-May-2026 01:22:18.880 信息 [main] org.apache.catalina.core.ApplicationContext.log Closing Spring root WebApplicationContext
24-May-2026 01:24:33.690 信息 [main] org.apache.catalina.core.ApplicationContext.log 1 Spring WebApplicationInitializers detected on classpath
24-May-2026 01:24:33.827 信息 [main] org.apache.catalina.core.ApplicationContext.log Initializing Spring root WebApplicationContext
24-May-2026 01:24:36.050 信息 [main] org.apache.catalina.core.ApplicationContext.log Initializing Spring DispatcherServlet 'dispatcher'
24-May-2026 01:26:19.412 信息 [Thread-1] org.apache.catalina.core.ApplicationContext.log Destroying Spring FrameworkServlet 'dispatcher'
24-May-2026 01:26:19.438 信息 [Thread-1] org.apache.catalina.core.ApplicationContext.log Closing Spring root WebApplicationContext
24-May-2026 01:27:33.592 信息 [main] org.apache.catalina.core.ApplicationContext.log 1 Spring WebApplicationInitializers detected on classpath
24-May-2026 01:27:33.723 信息 [main] org.apache.catalina.core.ApplicationContext.log Initializing Spring root WebApplicationContext
24-May-2026 01:27:35.812 信息 [main] org.apache.catalina.core.ApplicationContext.log Initializing Spring DispatcherServlet 'dispatcher'
24-May-2026 01:29:20.666 信息 [Thread-1] org.apache.catalina.core.ApplicationContext.log Destroying Spring FrameworkServlet 'dispatcher'
24-May-2026 01:29:20.703 信息 [Thread-1] org.apache.catalina.core.ApplicationContext.log Closing Spring root WebApplicationContext
24-May-2026 01:29:26.454 信息 [main] org.apache.catalina.core.ApplicationContext.log 1 Spring WebApplicationInitializers detected on classpath
24-May-2026 01:29:26.582 信息 [main] org.apache.catalina.core.ApplicationContext.log Initializing Spring root WebApplicationContext
24-May-2026 01:29:28.704 信息 [main] org.apache.catalina.core.ApplicationContext.log Initializing Spring DispatcherServlet 'dispatcher'
24-May-2026 01:29:54.087 信息 [Thread-1] org.apache.catalina.core.ApplicationContext.log Destroying Spring FrameworkServlet 'dispatcher'
24-May-2026 01:29:54.102 信息 [Thread-1] org.apache.catalina.core.ApplicationContext.log Closing Spring root WebApplicationContext
24-May-2026 01:36:12.499 信息 [main] org.apache.catalina.core.ApplicationContext.log 1 Spring WebApplicationInitializers detected on classpath
24-May-2026 01:36:12.622 信息 [main] org.apache.catalina.core.ApplicationContext.log Initializing Spring root WebApplicationContext
24-May-2026 01:36:14.694 信息 [main] org.apache.catalina.core.ApplicationContext.log Initializing Spring DispatcherServlet 'dispatcher'
24-May-2026 01:37:48.406 信息 [Thread-1] org.apache.catalina.core.ApplicationContext.log Destroying Spring FrameworkServlet 'dispatcher'
24-May-2026 01:37:48.428 信息 [Thread-1] org.apache.catalina.core.ApplicationContext.log Closing Spring root WebApplicationContext
24-May-2026 01:37:53.404 信息 [main] org.apache.catalina.core.ApplicationContext.log 1 Spring WebApplicationInitializers detected on classpath
24-May-2026 01:37:53.541 信息 [main] org.apache.catalina.core.ApplicationContext.log Initializing Spring root WebApplicationContext
24-May-2026 01:37:55.748 信息 [main] org.apache.catalina.core.ApplicationContext.log Initializing Spring DispatcherServlet 'dispatcher'
24-May-2026 01:43:20.229 严重 [http-nio-8080-exec-9] org.apache.catalina.core.StandardWrapperValve.invoke 在路径为[]的上下文中，Servlet[dispatcher]的Servlet.service（）引发了具有根本原因的异常[Request processing failed; nested exception is org.springframework.dao.DataIntegrityViolationException: 
### Error updating database.  Cause: java.sql.SQLIntegrityConstraintViolationException: Cannot add or update a child row: a foreign key constraint fails (`personal_bill`.`bill`, CONSTRAINT `bill_ibfk_2` FOREIGN KEY (`category_id`) REFERENCES `category` (`id`))
### The error may exist in file [D:\javaweb\workspace\PersonalBillStatistics\target\classes\mapper\BillMapper.xml]
### The error may involve defaultParameterMap
### The error occurred while setting parameters
### SQL: INSERT INTO bill (user_id, amount, type, category_id, date, remark)         VALUES (?, ?, ?, ?, ?, ?)
### Cause: java.sql.SQLIntegrityConstraintViolationException: Cannot add or update a child row: a foreign key constraint fails (`personal_bill`.`bill`, CONSTRAINT `bill_ibfk_2` FOREIGN KEY (`category_id`) REFERENCES `category` (`id`))
; Cannot add or update a child row: a foreign key constraint fails (`personal_bill`.`bill`, CONSTRAINT `bill_ibfk_2` FOREIGN KEY (`category_id`) REFERENCES `category` (`id`)); nested exception is java.sql.SQLIntegrityConstraintViolationException: Cannot add or update a child row: a foreign key constraint fails (`personal_bill`.`bill`, CONSTRAINT `bill_ibfk_2` FOREIGN KEY (`category_id`) REFERENCES `category` (`id`))]
	java.sql.SQLIntegrityConstraintViolationException: Cannot add or update a child row: a foreign key constraint fails (`personal_bill`.`bill`, CONSTRAINT `bill_ibfk_2` FOREIGN KEY (`category_id`) REFERENCES `category` (`id`))
		at com.mysql.cj.jdbc.exceptions.SQLError.createSQLException(SQLError.java:118)
		at com.mysql.cj.jdbc.exceptions.SQLExceptionsMapping.translateException(SQLExceptionsMapping.java:122)
		at com.mysql.cj.jdbc.ClientPreparedStatement.executeInternal(ClientPreparedStatement.java:916)
		at com.mysql.cj.jdbc.ClientPreparedStatement.execute(ClientPreparedStatement.java:354)
		at com.zaxxer.hikari.pool.ProxyPreparedStatement.execute(ProxyPreparedStatement.java:44)
		at com.zaxxer.hikari.pool.HikariProxyPreparedStatement.execute(HikariProxyPreparedStatement.java)
		at java.base/jdk.internal.reflect.NativeMethodAccessorImpl.invoke0(Native Method)
		at java.base/jdk.internal.reflect.NativeMethodAccessorImpl.invoke(NativeMethodAccessorImpl.java:77)
		at java.base/jdk.internal.reflect.DelegatingMethodAccessorImpl.invoke(DelegatingMethodAccessorImpl.java:43)
		at java.base/java.lang.reflect.Method.invoke(Method.java:568)
		at org.apache.ibatis.logging.jdbc.PreparedStatementLogger.invoke(PreparedStatementLogger.java:58)
		at jdk.proxy4/jdk.proxy4.$Proxy45.execute(Unknown Source)
		at org.apache.ibatis.executor.statement.PreparedStatementHandler.update(PreparedStatementHandler.java:48)
		at org.apache.ibatis.executor.statement.RoutingStatementHandler.update(RoutingStatementHandler.java:75)
		at org.apache.ibatis.executor.SimpleExecutor.doUpdate(SimpleExecutor.java:50)
		at org.apache.ibatis.executor.BaseExecutor.update(BaseExecutor.java:117)
		at org.apache.ibatis.executor.CachingExecutor.update(CachingExecutor.java:76)
		at org.apache.ibatis.session.defaults.DefaultSqlSession.update(DefaultSqlSession.java:197)
		at org.apache.ibatis.session.defaults.DefaultSqlSession.insert(DefaultSqlSession.java:184)
		at java.base/jdk.internal.reflect.NativeMethodAccessorImpl.invoke0(Native Method)
		at java.base/jdk.internal.reflect.NativeMethodAccessorImpl.invoke(NativeMethodAccessorImpl.java:77)
		at java.base/jdk.internal.reflect.DelegatingMethodAccessorImpl.invoke(DelegatingMethodAccessorImpl.java:43)
		at java.base/java.lang.reflect.Method.invoke(Method.java:568)
		at org.mybatis.spring.SqlSessionTemplate$SqlSessionInterceptor.invoke(SqlSessionTemplate.java:425)
		at jdk.proxy3/jdk.proxy3.$Proxy22.insert(Unknown Source)
		at org.mybatis.spring.SqlSessionTemplate.insert(SqlSessionTemplate.java:272)
		at org.apache.ibatis.binding.MapperMethod.execute(MapperMethod.java:62)
		at org.apache.ibatis.binding.MapperProxy$PlainMethodInvoker.invoke(MapperProxy.java:141)
		at org.apache.ibatis.binding.MapperProxy.invoke(MapperProxy.java:86)
		at jdk.proxy3/jdk.proxy3.$Proxy23.insert(Unknown Source)
		at com.wanshouyang.service.BillService.create(BillService.java:27)
		at com.wanshouyang.controller.BillController.create(BillController.java:37)
		at java.base/jdk.internal.reflect.NativeMethodAccessorImpl.invoke0(Native Method)
		at java.base/jdk.internal.reflect.NativeMethodAccessorImpl.invoke(NativeMethodAccessorImpl.java:77)
		at java.base/jdk.internal.reflect.DelegatingMethodAccessorImpl.invoke(DelegatingMethodAccessorImpl.java:43)
		at java.base/java.lang.reflect.Method.invoke(Method.java:568)
		at org.springframework.web.method.support.InvocableHandlerMethod.doInvoke(InvocableHandlerMethod.java:205)
		at org.springframework.web.method.support.InvocableHandlerMethod.invokeForRequest(InvocableHandlerMethod.java:150)
		at org.springframework.web.servlet.mvc.method.annotation.ServletInvocableHandlerMethod.invokeAndHandle(ServletInvocableHandlerMethod.java:117)
		at org.springframework.web.servlet.mvc.method.annotation.RequestMappingHandlerAdapter.invokeHandlerMethod(RequestMappingHandlerAdapter.java:895)
		at org.springframework.web.servlet.mvc.method.annotation.RequestMappingHandlerAdapter.handleInternal(RequestMappingHandlerAdapter.java:808)
		at org.springframework.web.servlet.mvc.method.AbstractHandlerMethodAdapter.handle(AbstractHandlerMethodAdapter.java:87)
		at org.springframework.web.servlet.DispatcherServlet.doDispatch(DispatcherServlet.java:1072)
		at org.springframework.web.servlet.DispatcherServlet.doService(DispatcherServlet.java:965)
		at org.springframework.web.servlet.FrameworkServlet.processRequest(FrameworkServlet.java:1006)
		at org.springframework.web.servlet.FrameworkServlet.doPost(FrameworkServlet.java:909)
		at javax.servlet.http.HttpServlet.service(HttpServlet.java:555)
		at org.springframework.web.servlet.FrameworkServlet.service(FrameworkServlet.java:883)
		at javax.servlet.http.HttpServlet.service(HttpServlet.java:623)
		at org.apache.catalina.core.ApplicationFilterChain.internalDoFilter(ApplicationFilterChain.java:199)
		at org.apache.catalina.core.ApplicationFilterChain.doFilter(ApplicationFilterChain.java:144)
		at org.apache.tomcat.websocket.server.WsFilter.doFilter(WsFilter.java:51)
		at org.apache.catalina.core.ApplicationFilterChain.internalDoFilter(ApplicationFilterChain.java:168)
		at org.apache.catalina.core.ApplicationFilterChain.doFilter(ApplicationFilterChain.java:144)
		at org.apache.catalina.core.StandardWrapperValve.invoke(StandardWrapperValve.java:168)
		at org.apache.catalina.core.StandardContextValve.invoke(StandardContextValve.java:90)
		at org.apache.catalina.authenticator.AuthenticatorBase.invoke(AuthenticatorBase.java:482)
		at org.apache.catalina.core.StandardHostValve.invoke(StandardHostValve.java:130)
		at org.apache.catalina.valves.ErrorReportValve.invoke(ErrorReportValve.java:93)
		at org.apache.catalina.valves.AbstractAccessLogValve.invoke(AbstractAccessLogValve.java:656)
		at org.apache.catalina.core.StandardEngineValve.invoke(StandardEngineValve.java:74)
		at org.apache.catalina.connector.CoyoteAdapter.service(CoyoteAdapter.java:346)
		at org.apache.coyote.http11.Http11Processor.service(Http11Processor.java:397)
		at org.apache.coyote.AbstractProcessorLight.process(AbstractProcessorLight.java:63)
		at org.apache.coyote.AbstractProtocol$ConnectionHandler.process(AbstractProtocol.java:935)
		at org.apache.tomcat.util.net.NioEndpoint$SocketProcessor.doRun(NioEndpoint.java:1826)
		at org.apache.tomcat.util.net.SocketProcessorBase.run(SocketProcessorBase.java:52)
		at org.apache.tomcat.util.threads.ThreadPoolExecutor.runWorker(ThreadPoolExecutor.java:1189)
		at org.apache.tomcat.util.threads.ThreadPoolExecutor$Worker.run(ThreadPoolExecutor.java:658)
		at org.apache.tomcat.util.threads.TaskThread$WrappingRunnable.run(TaskThread.java:63)
		at java.base/java.lang.Thread.run(Thread.java:842)
24-May-2026 01:43:35.819 严重 [http-nio-8080-exec-5] org.apache.catalina.core.StandardWrapperValve.invoke 在路径为[]的上下文中，Servlet[dispatcher]的Servlet.service（）引发了具有根本原因的异常[Request processing failed; nested exception is org.springframework.dao.DataIntegrityViolationException: 
### Error updating database.  Cause: java.sql.SQLIntegrityConstraintViolationException: Cannot add or update a child row: a foreign key constraint fails (`personal_bill`.`bill`, CONSTRAINT `bill_ibfk_2` FOREIGN KEY (`category_id`) REFERENCES `category` (`id`))
### The error may exist in file [D:\javaweb\workspace\PersonalBillStatistics\target\classes\mapper\BillMapper.xml]
### The error may involve defaultParameterMap
### The error occurred while setting parameters
### SQL: INSERT INTO bill (user_id, amount, type, category_id, date, remark)         VALUES (?, ?, ?, ?, ?, ?)
### Cause: java.sql.SQLIntegrityConstraintViolationException: Cannot add or update a child row: a foreign key constraint fails (`personal_bill`.`bill`, CONSTRAINT `bill_ibfk_2` FOREIGN KEY (`category_id`) REFERENCES `category` (`id`))
; Cannot add or update a child row: a foreign key constraint fails (`personal_bill`.`bill`, CONSTRAINT `bill_ibfk_2` FOREIGN KEY (`category_id`) REFERENCES `category` (`id`)); nested exception is java.sql.SQLIntegrityConstraintViolationException: Cannot add or update a child row: a foreign key constraint fails (`personal_bill`.`bill`, CONSTRAINT `bill_ibfk_2` FOREIGN KEY (`category_id`) REFERENCES `category` (`id`))]
	java.sql.SQLIntegrityConstraintViolationException: Cannot add or update a child row: a foreign key constraint fails (`personal_bill`.`bill`, CONSTRAINT `bill_ibfk_2` FOREIGN KEY (`category_id`) REFERENCES `category` (`id`))
		at com.mysql.cj.jdbc.exceptions.SQLError.createSQLException(SQLError.java:118)
		at com.mysql.cj.jdbc.exceptions.SQLExceptionsMapping.translateException(SQLExceptionsMapping.java:122)
		at com.mysql.cj.jdbc.ClientPreparedStatement.executeInternal(ClientPreparedStatement.java:916)
		at com.mysql.cj.jdbc.ClientPreparedStatement.execute(ClientPreparedStatement.java:354)
		at com.zaxxer.hikari.pool.ProxyPreparedStatement.execute(ProxyPreparedStatement.java:44)
		at com.zaxxer.hikari.pool.HikariProxyPreparedStatement.execute(HikariProxyPreparedStatement.java)
		at java.base/jdk.internal.reflect.NativeMethodAccessorImpl.invoke0(Native Method)
		at java.base/jdk.internal.reflect.NativeMethodAccessorImpl.invoke(NativeMethodAccessorImpl.java:77)
		at java.base/jdk.internal.reflect.DelegatingMethodAccessorImpl.invoke(DelegatingMethodAccessorImpl.java:43)
		at java.base/java.lang.reflect.Method.invoke(Method.java:568)
		at org.apache.ibatis.logging.jdbc.PreparedStatementLogger.invoke(PreparedStatementLogger.java:58)
		at jdk.proxy4/jdk.proxy4.$Proxy45.execute(Unknown Source)
		at org.apache.ibatis.executor.statement.PreparedStatementHandler.update(PreparedStatementHandler.java:48)
		at org.apache.ibatis.executor.statement.RoutingStatementHandler.update(RoutingStatementHandler.java:75)
		at org.apache.ibatis.executor.SimpleExecutor.doUpdate(SimpleExecutor.java:50)
		at org.apache.ibatis.executor.BaseExecutor.update(BaseExecutor.java:117)
		at org.apache.ibatis.executor.CachingExecutor.update(CachingExecutor.java:76)
		at org.apache.ibatis.session.defaults.DefaultSqlSession.update(DefaultSqlSession.java:197)
		at org.apache.ibatis.session.defaults.DefaultSqlSession.insert(DefaultSqlSession.java:184)
		at java.base/jdk.internal.reflect.NativeMethodAccessorImpl.invoke0(Native Method)
		at java.base/jdk.internal.reflect.NativeMethodAccessorImpl.invoke(NativeMethodAccessorImpl.java:77)
		at java.base/jdk.internal.reflect.DelegatingMethodAccessorImpl.invoke(DelegatingMethodAccessorImpl.java:43)
		at java.base/java.lang.reflect.Method.invoke(Method.java:568)
		at org.mybatis.spring.SqlSessionTemplate$SqlSessionInterceptor.invoke(SqlSessionTemplate.java:425)
		at jdk.proxy3/jdk.proxy3.$Proxy22.insert(Unknown Source)
		at org.mybatis.spring.SqlSessionTemplate.insert(SqlSessionTemplate.java:272)
		at org.apache.ibatis.binding.MapperMethod.execute(MapperMethod.java:62)
		at org.apache.ibatis.binding.MapperProxy$PlainMethodInvoker.invoke(MapperProxy.java:141)
		at org.apache.ibatis.binding.MapperProxy.invoke(MapperProxy.java:86)
		at jdk.proxy3/jdk.proxy3.$Proxy23.insert(Unknown Source)
		at com.wanshouyang.service.BillService.create(BillService.java:27)
		at com.wanshouyang.controller.BillController.create(BillController.java:37)
		at java.base/jdk.internal.reflect.NativeMethodAccessorImpl.invoke0(Native Method)
		at java.base/jdk.internal.reflect.NativeMethodAccessorImpl.invoke(NativeMethodAccessorImpl.java:77)
		at java.base/jdk.internal.reflect.DelegatingMethodAccessorImpl.invoke(DelegatingMethodAccessorImpl.java:43)
		at java.base/java.lang.reflect.Method.invoke(Method.java:568)
		at org.springframework.web.method.support.InvocableHandlerMethod.doInvoke(InvocableHandlerMethod.java:205)
		at org.springframework.web.method.support.InvocableHandlerMethod.invokeForRequest(InvocableHandlerMethod.java:150)
		at org.springframework.web.servlet.mvc.method.annotation.ServletInvocableHandlerMethod.invokeAndHandle(ServletInvocableHandlerMethod.java:117)
		at org.springframework.web.servlet.mvc.method.annotation.RequestMappingHandlerAdapter.invokeHandlerMethod(RequestMappingHandlerAdapter.java:895)
		at org.springframework.web.servlet.mvc.method.annotation.RequestMappingHandlerAdapter.handleInternal(RequestMappingHandlerAdapter.java:808)
		at org.springframework.web.servlet.mvc.method.AbstractHandlerMethodAdapter.handle(AbstractHandlerMethodAdapter.java:87)
		at org.springframework.web.servlet.DispatcherServlet.doDispatch(DispatcherServlet.java:1072)
		at org.springframework.web.servlet.DispatcherServlet.doService(DispatcherServlet.java:965)
		at org.springframework.web.servlet.FrameworkServlet.processRequest(FrameworkServlet.java:1006)
		at org.springframework.web.servlet.FrameworkServlet.doPost(FrameworkServlet.java:909)
		at javax.servlet.http.HttpServlet.service(HttpServlet.java:555)
		at org.springframework.web.servlet.FrameworkServlet.service(FrameworkServlet.java:883)
		at javax.servlet.http.HttpServlet.service(HttpServlet.java:623)
		at org.apache.catalina.core.ApplicationFilterChain.internalDoFilter(ApplicationFilterChain.java:199)
		at org.apache.catalina.core.ApplicationFilterChain.doFilter(ApplicationFilterChain.java:144)
		at org.apache.tomcat.websocket.server.WsFilter.doFilter(WsFilter.java:51)
		at org.apache.catalina.core.ApplicationFilterChain.internalDoFilter(ApplicationFilterChain.java:168)
		at org.apache.catalina.core.ApplicationFilterChain.doFilter(ApplicationFilterChain.java:144)
		at org.apache.catalina.core.StandardWrapperValve.invoke(StandardWrapperValve.java:168)
		at org.apache.catalina.core.StandardContextValve.invoke(StandardContextValve.java:90)
		at org.apache.catalina.authenticator.AuthenticatorBase.invoke(AuthenticatorBase.java:482)
		at org.apache.catalina.core.StandardHostValve.invoke(StandardHostValve.java:130)
		at org.apache.catalina.valves.ErrorReportValve.invoke(ErrorReportValve.java:93)
		at org.apache.catalina.valves.AbstractAccessLogValve.invoke(AbstractAccessLogValve.java:656)
		at org.apache.catalina.core.StandardEngineValve.invoke(StandardEngineValve.java:74)
		at org.apache.catalina.connector.CoyoteAdapter.service(CoyoteAdapter.java:346)
		at org.apache.coyote.http11.Http11Processor.service(Http11Processor.java:397)
		at org.apache.coyote.AbstractProcessorLight.process(AbstractProcessorLight.java:63)
		at org.apache.coyote.AbstractProtocol$ConnectionHandler.process(AbstractProtocol.java:935)
		at org.apache.tomcat.util.net.NioEndpoint$SocketProcessor.doRun(NioEndpoint.java:1826)
		at org.apache.tomcat.util.net.SocketProcessorBase.run(SocketProcessorBase.java:52)
		at org.apache.tomcat.util.threads.ThreadPoolExecutor.runWorker(ThreadPoolExecutor.java:1189)
		at org.apache.tomcat.util.threads.ThreadPoolExecutor$Worker.run(ThreadPoolExecutor.java:658)
		at org.apache.tomcat.util.threads.TaskThread$WrappingRunnable.run(TaskThread.java:63)
		at java.base/java.lang.Thread.run(Thread.java:842)
24-May-2026 01:43:35.876 严重 [http-nio-8080-exec-6] org.apache.catalina.core.StandardWrapperValve.invoke 在路径为[]的上下文中，Servlet[dispatcher]的Servlet.service（）引发了具有根本原因的异常[Request processing failed; nested exception is org.springframework.dao.DataIntegrityViolationException: 
### Error updating database.  Cause: java.sql.SQLIntegrityConstraintViolationException: Cannot add or update a child row: a foreign key constraint fails (`personal_bill`.`bill`, CONSTRAINT `bill_ibfk_2` FOREIGN KEY (`category_id`) REFERENCES `category` (`id`))
### The error may exist in file [D:\javaweb\workspace\PersonalBillStatistics\target\classes\mapper\BillMapper.xml]
### The error may involve defaultParameterMap
### The error occurred while setting parameters
### SQL: INSERT INTO bill (user_id, amount, type, category_id, date, remark)         VALUES (?, ?, ?, ?, ?, ?)
### Cause: java.sql.SQLIntegrityConstraintViolationException: Cannot add or update a child row: a foreign key constraint fails (`personal_bill`.`bill`, CONSTRAINT `bill_ibfk_2` FOREIGN KEY (`category_id`) REFERENCES `category` (`id`))
; Cannot add or update a child row: a foreign key constraint fails (`personal_bill`.`bill`, CONSTRAINT `bill_ibfk_2` FOREIGN KEY (`category_id`) REFERENCES `category` (`id`)); nested exception is java.sql.SQLIntegrityConstraintViolationException: Cannot add or update a child row: a foreign key constraint fails (`personal_bill`.`bill`, CONSTRAINT `bill_ibfk_2` FOREIGN KEY (`category_id`) REFERENCES `category` (`id`))]
	java.sql.SQLIntegrityConstraintViolationException: Cannot add or update a child row: a foreign key constraint fails (`personal_bill`.`bill`, CONSTRAINT `bill_ibfk_2` FOREIGN KEY (`category_id`) REFERENCES `category` (`id`))
		at com.mysql.cj.jdbc.exceptions.SQLError.createSQLException(SQLError.java:118)
		at com.mysql.cj.jdbc.exceptions.SQLExceptionsMapping.translateException(SQLExceptionsMapping.java:122)
		at com.mysql.cj.jdbc.ClientPreparedStatement.executeInternal(ClientPreparedStatement.java:916)
		at com.mysql.cj.jdbc.ClientPreparedStatement.execute(ClientPreparedStatement.java:354)
		at com.zaxxer.hikari.pool.ProxyPreparedStatement.execute(ProxyPreparedStatement.java:44)
		at com.zaxxer.hikari.pool.HikariProxyPreparedStatement.execute(HikariProxyPreparedStatement.java)
		at java.base/jdk.internal.reflect.NativeMethodAccessorImpl.invoke0(Native Method)
		at java.base/jdk.internal.reflect.NativeMethodAccessorImpl.invoke(NativeMethodAccessorImpl.java:77)
		at java.base/jdk.internal.reflect.DelegatingMethodAccessorImpl.invoke(DelegatingMethodAccessorImpl.java:43)
		at java.base/java.lang.reflect.Method.invoke(Method.java:568)
		at org.apache.ibatis.logging.jdbc.PreparedStatementLogger.invoke(PreparedStatementLogger.java:58)
		at jdk.proxy4/jdk.proxy4.$Proxy45.execute(Unknown Source)
		at org.apache.ibatis.executor.statement.PreparedStatementHandler.update(PreparedStatementHandler.java:48)
		at org.apache.ibatis.executor.statement.RoutingStatementHandler.update(RoutingStatementHandler.java:75)
		at org.apache.ibatis.executor.SimpleExecutor.doUpdate(SimpleExecutor.java:50)
		at org.apache.ibatis.executor.BaseExecutor.update(BaseExecutor.java:117)
		at org.apache.ibatis.executor.CachingExecutor.update(CachingExecutor.java:76)
		at org.apache.ibatis.session.defaults.DefaultSqlSession.update(DefaultSqlSession.java:197)
		at org.apache.ibatis.session.defaults.DefaultSqlSession.insert(DefaultSqlSession.java:184)
		at java.base/jdk.internal.reflect.NativeMethodAccessorImpl.invoke0(Native Method)
		at java.base/jdk.internal.reflect.NativeMethodAccessorImpl.invoke(NativeMethodAccessorImpl.java:77)
		at java.base/jdk.internal.reflect.DelegatingMethodAccessorImpl.invoke(DelegatingMethodAccessorImpl.java:43)
		at java.base/java.lang.reflect.Method.invoke(Method.java:568)
		at org.mybatis.spring.SqlSessionTemplate$SqlSessionInterceptor.invoke(SqlSessionTemplate.java:425)
		at jdk.proxy3/jdk.proxy3.$Proxy22.insert(Unknown Source)
		at org.mybatis.spring.SqlSessionTemplate.insert(SqlSessionTemplate.java:272)
		at org.apache.ibatis.binding.MapperMethod.execute(MapperMethod.java:62)
		at org.apache.ibatis.binding.MapperProxy$PlainMethodInvoker.invoke(MapperProxy.java:141)
		at org.apache.ibatis.binding.MapperProxy.invoke(MapperProxy.java:86)
		at jdk.proxy3/jdk.proxy3.$Proxy23.insert(Unknown Source)
		at com.wanshouyang.service.BillService.create(BillService.java:27)
		at com.wanshouyang.controller.BillController.create(BillController.java:37)
		at java.base/jdk.internal.reflect.NativeMethodAccessorImpl.invoke0(Native Method)
		at java.base/jdk.internal.reflect.NativeMethodAccessorImpl.invoke(NativeMethodAccessorImpl.java:77)
		at java.base/jdk.internal.reflect.DelegatingMethodAccessorImpl.invoke(DelegatingMethodAccessorImpl.java:43)
		at java.base/java.lang.reflect.Method.invoke(Method.java:568)
		at org.springframework.web.method.support.InvocableHandlerMethod.doInvoke(InvocableHandlerMethod.java:205)
		at org.springframework.web.method.support.InvocableHandlerMethod.invokeForRequest(InvocableHandlerMethod.java:150)
		at org.springframework.web.servlet.mvc.method.annotation.ServletInvocableHandlerMethod.invokeAndHandle(ServletInvocableHandlerMethod.java:117)
		at org.springframework.web.servlet.mvc.method.annotation.RequestMappingHandlerAdapter.invokeHandlerMethod(RequestMappingHandlerAdapter.java:895)
		at org.springframework.web.servlet.mvc.method.annotation.RequestMappingHandlerAdapter.handleInternal(RequestMappingHandlerAdapter.java:808)
		at org.springframework.web.servlet.mvc.method.AbstractHandlerMethodAdapter.handle(AbstractHandlerMethodAdapter.java:87)
		at org.springframework.web.servlet.DispatcherServlet.doDispatch(DispatcherServlet.java:1072)
		at org.springframework.web.servlet.DispatcherServlet.doService(DispatcherServlet.java:965)
		at org.springframework.web.servlet.FrameworkServlet.processRequest(FrameworkServlet.java:1006)
		at org.springframework.web.servlet.FrameworkServlet.doPost(FrameworkServlet.java:909)
		at javax.servlet.http.HttpServlet.service(HttpServlet.java:555)
		at org.springframework.web.servlet.FrameworkServlet.service(FrameworkServlet.java:883)
		at javax.servlet.http.HttpServlet.service(HttpServlet.java:623)
		at org.apache.catalina.core.ApplicationFilterChain.internalDoFilter(ApplicationFilterChain.java:199)
		at org.apache.catalina.core.ApplicationFilterChain.doFilter(ApplicationFilterChain.java:144)
		at org.apache.tomcat.websocket.server.WsFilter.doFilter(WsFilter.java:51)
		at org.apache.catalina.core.ApplicationFilterChain.internalDoFilter(ApplicationFilterChain.java:168)
		at org.apache.catalina.core.ApplicationFilterChain.doFilter(ApplicationFilterChain.java:144)
		at org.apache.catalina.core.StandardWrapperValve.invoke(StandardWrapperValve.java:168)
		at org.apache.catalina.core.StandardContextValve.invoke(StandardContextValve.java:90)
		at org.apache.catalina.authenticator.AuthenticatorBase.invoke(AuthenticatorBase.java:482)
		at org.apache.catalina.core.StandardHostValve.invoke(StandardHostValve.java:130)
		at org.apache.catalina.valves.ErrorReportValve.invoke(ErrorReportValve.java:93)
		at org.apache.catalina.valves.AbstractAccessLogValve.invoke(AbstractAccessLogValve.java:656)
		at org.apache.catalina.core.StandardEngineValve.invoke(StandardEngineValve.java:74)
		at org.apache.catalina.connector.CoyoteAdapter.service(CoyoteAdapter.java:346)
		at org.apache.coyote.http11.Http11Processor.service(Http11Processor.java:397)
		at org.apache.coyote.AbstractProcessorLight.process(AbstractProcessorLight.java:63)
		at org.apache.coyote.AbstractProtocol$ConnectionHandler.process(AbstractProtocol.java:935)
		at org.apache.tomcat.util.net.NioEndpoint$SocketProcessor.doRun(NioEndpoint.java:1826)
		at org.apache.tomcat.util.net.SocketProcessorBase.run(SocketProcessorBase.java:52)
		at org.apache.tomcat.util.threads.ThreadPoolExecutor.runWorker(ThreadPoolExecutor.java:1189)
		at org.apache.tomcat.util.threads.ThreadPoolExecutor$Worker.run(ThreadPoolExecutor.java:658)
		at org.apache.tomcat.util.threads.TaskThread$WrappingRunnable.run(TaskThread.java:63)
		at java.base/java.lang.Thread.run(Thread.java:842)
24-May-2026 01:55:15.002 信息 [Thread-1] org.apache.catalina.core.ApplicationContext.log Destroying Spring FrameworkServlet 'dispatcher'
24-May-2026 01:55:15.027 信息 [Thread-1] org.apache.catalina.core.ApplicationContext.log Closing Spring root WebApplicationContext
24-May-2026 20:50:09.737 信息 [main] org.apache.catalina.core.ApplicationContext.log 1 Spring WebApplicationInitializers detected on classpath
24-May-2026 20:50:09.871 信息 [main] org.apache.catalina.core.ApplicationContext.log Initializing Spring root WebApplicationContext
24-May-2026 20:50:12.137 信息 [main] org.apache.catalina.core.ApplicationContext.log Initializing Spring DispatcherServlet 'dispatcher'
24-May-2026 20:53:47.327 信息 [Thread-1] org.apache.catalina.core.ApplicationContext.log Destroying Spring FrameworkServlet 'dispatcher'
24-May-2026 20:53:47.337 信息 [Thread-1] org.apache.catalina.core.ApplicationContext.log Closing Spring root WebApplicationContext
24-May-2026 20:53:52.720 信息 [main] org.apache.catalina.core.ApplicationContext.log 1 Spring WebApplicationInitializers detected on classpath
24-May-2026 20:53:52.854 信息 [main] org.apache.catalina.core.ApplicationContext.log Initializing Spring root WebApplicationContext
24-May-2026 20:53:54.992 信息 [main] org.apache.catalina.core.ApplicationContext.log Initializing Spring DispatcherServlet 'dispatcher'
24-May-2026 20:54:41.648 信息 [Thread-1] org.apache.catalina.core.ApplicationContext.log Destroying Spring FrameworkServlet 'dispatcher'
24-May-2026 20:54:41.660 信息 [Thread-1] org.apache.catalina.core.ApplicationContext.log Closing Spring root WebApplicationContext
24-May-2026 20:54:46.755 信息 [main] org.apache.catalina.core.ApplicationContext.log 1 Spring WebApplicationInitializers detected on classpath
24-May-2026 20:54:46.892 信息 [main] org.apache.catalina.core.ApplicationContext.log Initializing Spring root WebApplicationContext
24-May-2026 20:54:49.071 信息 [main] org.apache.catalina.core.ApplicationContext.log Initializing Spring DispatcherServlet 'dispatcher'
24-May-2026 20:55:31.723 信息 [Thread-1] org.apache.catalina.core.ApplicationContext.log Destroying Spring FrameworkServlet 'dispatcher'
24-May-2026 20:55:31.734 信息 [Thread-1] org.apache.catalina.core.ApplicationContext.log Closing Spring root WebApplicationContext
24-May-2026 20:55:37.294 信息 [main] org.apache.catalina.core.ApplicationContext.log 1 Spring WebApplicationInitializers detected on classpath
24-May-2026 20:55:37.405 信息 [main] org.apache.catalina.core.ApplicationContext.log Initializing Spring root WebApplicationContext
24-May-2026 20:55:39.412 信息 [main] org.apache.catalina.core.ApplicationContext.log Initializing Spring DispatcherServlet 'dispatcher'
24-May-2026 21:31:39.888 严重 [http-nio-8080-exec-8] org.apache.catalina.core.StandardWrapperValve.invoke 在路径为[]的上下文中，Servlet[dispatcher]的Servlet.service（）引发了具有根本原因的异常[Request processing failed; nested exception is org.springframework.dao.DataIntegrityViolationException: 
### Error updating database.  Cause: java.sql.SQLIntegrityConstraintViolationException: Cannot add or update a child row: a foreign key constraint fails (`personal_bill`.`bill`, CONSTRAINT `bill_ibfk_2` FOREIGN KEY (`category_id`) REFERENCES `category` (`id`))
### The error may exist in file [D:\javaweb\workspace\PersonalBillStatistics\target\classes\mapper\BillMapper.xml]
### The error may involve defaultParameterMap
### The error occurred while setting parameters
### SQL: INSERT INTO bill (user_id, amount, type, category_id, date, remark)         VALUES (?, ?, ?, ?, ?, ?)
### Cause: java.sql.SQLIntegrityConstraintViolationException: Cannot add or update a child row: a foreign key constraint fails (`personal_bill`.`bill`, CONSTRAINT `bill_ibfk_2` FOREIGN KEY (`category_id`) REFERENCES `category` (`id`))
; Cannot add or update a child row: a foreign key constraint fails (`personal_bill`.`bill`, CONSTRAINT `bill_ibfk_2` FOREIGN KEY (`category_id`) REFERENCES `category` (`id`)); nested exception is java.sql.SQLIntegrityConstraintViolationException: Cannot add or update a child row: a foreign key constraint fails (`personal_bill`.`bill`, CONSTRAINT `bill_ibfk_2` FOREIGN KEY (`category_id`) REFERENCES `category` (`id`))]
	java.sql.SQLIntegrityConstraintViolationException: Cannot add or update a child row: a foreign key constraint fails (`personal_bill`.`bill`, CONSTRAINT `bill_ibfk_2` FOREIGN KEY (`category_id`) REFERENCES `category` (`id`))
		at com.mysql.cj.jdbc.exceptions.SQLError.createSQLException(SQLError.java:118)
		at com.mysql.cj.jdbc.exceptions.SQLExceptionsMapping.translateException(SQLExceptionsMapping.java:122)
		at com.mysql.cj.jdbc.ClientPreparedStatement.executeInternal(ClientPreparedStatement.java:916)
		at com.mysql.cj.jdbc.ClientPreparedStatement.execute(ClientPreparedStatement.java:354)
		at com.zaxxer.hikari.pool.ProxyPreparedStatement.execute(ProxyPreparedStatement.java:44)
		at com.zaxxer.hikari.pool.HikariProxyPreparedStatement.execute(HikariProxyPreparedStatement.java)
		at org.apache.ibatis.executor.statement.PreparedStatementHandler.update(PreparedStatementHandler.java:48)
		at org.apache.ibatis.executor.statement.RoutingStatementHandler.update(RoutingStatementHandler.java:75)
		at org.apache.ibatis.executor.SimpleExecutor.doUpdate(SimpleExecutor.java:50)
		at org.apache.ibatis.executor.BaseExecutor.update(BaseExecutor.java:117)
		at org.apache.ibatis.executor.CachingExecutor.update(CachingExecutor.java:76)
		at org.apache.ibatis.session.defaults.DefaultSqlSession.update(DefaultSqlSession.java:197)
		at org.apache.ibatis.session.defaults.DefaultSqlSession.insert(DefaultSqlSession.java:184)
		at java.base/jdk.internal.reflect.NativeMethodAccessorImpl.invoke0(Native Method)
		at java.base/jdk.internal.reflect.NativeMethodAccessorImpl.invoke(NativeMethodAccessorImpl.java:77)
		at java.base/jdk.internal.reflect.DelegatingMethodAccessorImpl.invoke(DelegatingMethodAccessorImpl.java:43)
		at java.base/java.lang.reflect.Method.invoke(Method.java:568)
		at org.mybatis.spring.SqlSessionTemplate$SqlSessionInterceptor.invoke(SqlSessionTemplate.java:425)
		at jdk.proxy3/jdk.proxy3.$Proxy22.insert(Unknown Source)
		at org.mybatis.spring.SqlSessionTemplate.insert(SqlSessionTemplate.java:272)
		at org.apache.ibatis.binding.MapperMethod.execute(MapperMethod.java:62)
		at org.apache.ibatis.binding.MapperProxy$PlainMethodInvoker.invoke(MapperProxy.java:141)
		at org.apache.ibatis.binding.MapperProxy.invoke(MapperProxy.java:86)
		at jdk.proxy3/jdk.proxy3.$Proxy23.insert(Unknown Source)
		at com.wanshouyang.service.BillService.create(BillService.java:27)
		at com.wanshouyang.controller.BillController.create(BillController.java:37)
		at java.base/jdk.internal.reflect.NativeMethodAccessorImpl.invoke0(Native Method)
		at java.base/jdk.internal.reflect.NativeMethodAccessorImpl.invoke(NativeMethodAccessorImpl.java:77)
		at java.base/jdk.internal.reflect.DelegatingMethodAccessorImpl.invoke(DelegatingMethodAccessorImpl.java:43)
		at java.base/java.lang.reflect.Method.invoke(Method.java:568)
		at org.springframework.web.method.support.InvocableHandlerMethod.doInvoke(InvocableHandlerMethod.java:205)
		at org.springframework.web.method.support.InvocableHandlerMethod.invokeForRequest(InvocableHandlerMethod.java:150)
		at org.springframework.web.servlet.mvc.method.annotation.ServletInvocableHandlerMethod.invokeAndHandle(ServletInvocableHandlerMethod.java:117)
		at org.springframework.web.servlet.mvc.method.annotation.RequestMappingHandlerAdapter.invokeHandlerMethod(RequestMappingHandlerAdapter.java:895)
		at org.springframework.web.servlet.mvc.method.annotation.RequestMappingHandlerAdapter.handleInternal(RequestMappingHandlerAdapter.java:808)
		at org.springframework.web.servlet.mvc.method.AbstractHandlerMethodAdapter.handle(AbstractHandlerMethodAdapter.java:87)
		at org.springframework.web.servlet.DispatcherServlet.doDispatch(DispatcherServlet.java:1072)
		at org.springframework.web.servlet.DispatcherServlet.doService(DispatcherServlet.java:965)
		at org.springframework.web.servlet.FrameworkServlet.processRequest(FrameworkServlet.java:1006)
		at org.springframework.web.servlet.FrameworkServlet.doPost(FrameworkServlet.java:909)
		at javax.servlet.http.HttpServlet.service(HttpServlet.java:555)
		at org.springframework.web.servlet.FrameworkServlet.service(FrameworkServlet.java:883)
		at javax.servlet.http.HttpServlet.service(HttpServlet.java:623)
		at org.apache.catalina.core.ApplicationFilterChain.internalDoFilter(ApplicationFilterChain.java:199)
		at org.apache.catalina.core.ApplicationFilterChain.doFilter(ApplicationFilterChain.java:144)
		at org.apache.tomcat.websocket.server.WsFilter.doFilter(WsFilter.java:51)
		at org.apache.catalina.core.ApplicationFilterChain.internalDoFilter(ApplicationFilterChain.java:168)
		at org.apache.catalina.core.ApplicationFilterChain.doFilter(ApplicationFilterChain.java:144)
		at org.apache.catalina.core.StandardWrapperValve.invoke(StandardWrapperValve.java:168)
		at org.apache.catalina.core.StandardContextValve.invoke(StandardContextValve.java:90)
		at org.apache.catalina.authenticator.AuthenticatorBase.invoke(AuthenticatorBase.java:482)
		at org.apache.catalina.core.StandardHostValve.invoke(StandardHostValve.java:130)
		at org.apache.catalina.valves.ErrorReportValve.invoke(ErrorReportValve.java:93)
		at org.apache.catalina.valves.AbstractAccessLogValve.invoke(AbstractAccessLogValve.java:656)
		at org.apache.catalina.core.StandardEngineValve.invoke(StandardEngineValve.java:74)
		at org.apache.catalina.connector.CoyoteAdapter.service(CoyoteAdapter.java:346)
		at org.apache.coyote.http11.Http11Processor.service(Http11Processor.java:397)
		at org.apache.coyote.AbstractProcessorLight.process(AbstractProcessorLight.java:63)
		at org.apache.coyote.AbstractProtocol$ConnectionHandler.process(AbstractProtocol.java:935)
		at org.apache.tomcat.util.net.NioEndpoint$SocketProcessor.doRun(NioEndpoint.java:1826)
		at org.apache.tomcat.util.net.SocketProcessorBase.run(SocketProcessorBase.java:52)
		at org.apache.tomcat.util.threads.ThreadPoolExecutor.runWorker(ThreadPoolExecutor.java:1189)
		at org.apache.tomcat.util.threads.ThreadPoolExecutor$Worker.run(ThreadPoolExecutor.java:658)
		at org.apache.tomcat.util.threads.TaskThread$WrappingRunnable.run(TaskThread.java:63)
		at java.base/java.lang.Thread.run(Thread.java:842)
24-May-2026 21:31:39.945 严重 [http-nio-8080-exec-7] org.apache.catalina.core.StandardWrapperValve.invoke 在路径为[]的上下文中，Servlet[dispatcher]的Servlet.service（）引发了具有根本原因的异常[Request processing failed; nested exception is org.springframework.dao.DataIntegrityViolationException: 
### Error updating database.  Cause: java.sql.SQLIntegrityConstraintViolationException: Cannot add or update a child row: a foreign key constraint fails (`personal_bill`.`bill`, CONSTRAINT `bill_ibfk_2` FOREIGN KEY (`category_id`) REFERENCES `category` (`id`))
### The error may exist in file [D:\javaweb\workspace\PersonalBillStatistics\target\classes\mapper\BillMapper.xml]
### The error may involve defaultParameterMap
### The error occurred while setting parameters
### SQL: INSERT INTO bill (user_id, amount, type, category_id, date, remark)         VALUES (?, ?, ?, ?, ?, ?)
### Cause: java.sql.SQLIntegrityConstraintViolationException: Cannot add or update a child row: a foreign key constraint fails (`personal_bill`.`bill`, CONSTRAINT `bill_ibfk_2` FOREIGN KEY (`category_id`) REFERENCES `category` (`id`))
; Cannot add or update a child row: a foreign key constraint fails (`personal_bill`.`bill`, CONSTRAINT `bill_ibfk_2` FOREIGN KEY (`category_id`) REFERENCES `category` (`id`)); nested exception is java.sql.SQLIntegrityConstraintViolationException: Cannot add or update a child row: a foreign key constraint fails (`personal_bill`.`bill`, CONSTRAINT `bill_ibfk_2` FOREIGN KEY (`category_id`) REFERENCES `category` (`id`))]
	java.sql.SQLIntegrityConstraintViolationException: Cannot add or update a child row: a foreign key constraint fails (`personal_bill`.`bill`, CONSTRAINT `bill_ibfk_2` FOREIGN KEY (`category_id`) REFERENCES `category` (`id`))
		at com.mysql.cj.jdbc.exceptions.SQLError.createSQLException(SQLError.java:118)
		at com.mysql.cj.jdbc.exceptions.SQLExceptionsMapping.translateException(SQLExceptionsMapping.java:122)
		at com.mysql.cj.jdbc.ClientPreparedStatement.executeInternal(ClientPreparedStatement.java:916)
		at com.mysql.cj.jdbc.ClientPreparedStatement.execute(ClientPreparedStatement.java:354)
		at com.zaxxer.hikari.pool.ProxyPreparedStatement.execute(ProxyPreparedStatement.java:44)
		at com.zaxxer.hikari.pool.HikariProxyPreparedStatement.execute(HikariProxyPreparedStatement.java)
		at org.apache.ibatis.executor.statement.PreparedStatementHandler.update(PreparedStatementHandler.java:48)
		at org.apache.ibatis.executor.statement.RoutingStatementHandler.update(RoutingStatementHandler.java:75)
		at org.apache.ibatis.executor.SimpleExecutor.doUpdate(SimpleExecutor.java:50)
		at org.apache.ibatis.executor.BaseExecutor.update(BaseExecutor.java:117)
		at org.apache.ibatis.executor.CachingExecutor.update(CachingExecutor.java:76)
		at org.apache.ibatis.session.defaults.DefaultSqlSession.update(DefaultSqlSession.java:197)
		at org.apache.ibatis.session.defaults.DefaultSqlSession.insert(DefaultSqlSession.java:184)
		at java.base/jdk.internal.reflect.NativeMethodAccessorImpl.invoke0(Native Method)
		at java.base/jdk.internal.reflect.NativeMethodAccessorImpl.invoke(NativeMethodAccessorImpl.java:77)
		at java.base/jdk.internal.reflect.DelegatingMethodAccessorImpl.invoke(DelegatingMethodAccessorImpl.java:43)
		at java.base/java.lang.reflect.Method.invoke(Method.java:568)
		at org.mybatis.spring.SqlSessionTemplate$SqlSessionInterceptor.invoke(SqlSessionTemplate.java:425)
		at jdk.proxy3/jdk.proxy3.$Proxy22.insert(Unknown Source)
		at org.mybatis.spring.SqlSessionTemplate.insert(SqlSessionTemplate.java:272)
		at org.apache.ibatis.binding.MapperMethod.execute(MapperMethod.java:62)
		at org.apache.ibatis.binding.MapperProxy$PlainMethodInvoker.invoke(MapperProxy.java:141)
		at org.apache.ibatis.binding.MapperProxy.invoke(MapperProxy.java:86)
		at jdk.proxy3/jdk.proxy3.$Proxy23.insert(Unknown Source)
		at com.wanshouyang.service.BillService.create(BillService.java:27)
		at com.wanshouyang.controller.BillController.create(BillController.java:37)
		at java.base/jdk.internal.reflect.NativeMethodAccessorImpl.invoke0(Native Method)
		at java.base/jdk.internal.reflect.NativeMethodAccessorImpl.invoke(NativeMethodAccessorImpl.java:77)
		at java.base/jdk.internal.reflect.DelegatingMethodAccessorImpl.invoke(DelegatingMethodAccessorImpl.java:43)
		at java.base/java.lang.reflect.Method.invoke(Method.java:568)
		at org.springframework.web.method.support.InvocableHandlerMethod.doInvoke(InvocableHandlerMethod.java:205)
		at org.springframework.web.method.support.InvocableHandlerMethod.invokeForRequest(InvocableHandlerMethod.java:150)
		at org.springframework.web.servlet.mvc.method.annotation.ServletInvocableHandlerMethod.invokeAndHandle(ServletInvocableHandlerMethod.java:117)
		at org.springframework.web.servlet.mvc.method.annotation.RequestMappingHandlerAdapter.invokeHandlerMethod(RequestMappingHandlerAdapter.java:895)
		at org.springframework.web.servlet.mvc.method.annotation.RequestMappingHandlerAdapter.handleInternal(RequestMappingHandlerAdapter.java:808)
		at org.springframework.web.servlet.mvc.method.AbstractHandlerMethodAdapter.handle(AbstractHandlerMethodAdapter.java:87)
		at org.springframework.web.servlet.DispatcherServlet.doDispatch(DispatcherServlet.java:1072)
		at org.springframework.web.servlet.DispatcherServlet.doService(DispatcherServlet.java:965)
		at org.springframework.web.servlet.FrameworkServlet.processRequest(FrameworkServlet.java:1006)
		at org.springframework.web.servlet.FrameworkServlet.doPost(FrameworkServlet.java:909)
		at javax.servlet.http.HttpServlet.service(HttpServlet.java:555)
		at org.springframework.web.servlet.FrameworkServlet.service(FrameworkServlet.java:883)
		at javax.servlet.http.HttpServlet.service(HttpServlet.java:623)
		at org.apache.catalina.core.ApplicationFilterChain.internalDoFilter(ApplicationFilterChain.java:199)
		at org.apache.catalina.core.ApplicationFilterChain.doFilter(ApplicationFilterChain.java:144)
		at org.apache.tomcat.websocket.server.WsFilter.doFilter(WsFilter.java:51)
		at org.apache.catalina.core.ApplicationFilterChain.internalDoFilter(ApplicationFilterChain.java:168)
		at org.apache.catalina.core.ApplicationFilterChain.doFilter(ApplicationFilterChain.java:144)
		at org.apache.catalina.core.StandardWrapperValve.invoke(StandardWrapperValve.java:168)
		at org.apache.catalina.core.StandardContextValve.invoke(StandardContextValve.java:90)
		at org.apache.catalina.authenticator.AuthenticatorBase.invoke(AuthenticatorBase.java:482)
		at org.apache.catalina.core.StandardHostValve.invoke(StandardHostValve.java:130)
		at org.apache.catalina.valves.ErrorReportValve.invoke(ErrorReportValve.java:93)
		at org.apache.catalina.valves.AbstractAccessLogValve.invoke(AbstractAccessLogValve.java:656)
		at org.apache.catalina.core.StandardEngineValve.invoke(StandardEngineValve.java:74)
		at org.apache.catalina.connector.CoyoteAdapter.service(CoyoteAdapter.java:346)
		at org.apache.coyote.http11.Http11Processor.service(Http11Processor.java:397)
		at org.apache.coyote.AbstractProcessorLight.process(AbstractProcessorLight.java:63)
		at org.apache.coyote.AbstractProtocol$ConnectionHandler.process(AbstractProtocol.java:935)
		at org.apache.tomcat.util.net.NioEndpoint$SocketProcessor.doRun(NioEndpoint.java:1826)
		at org.apache.tomcat.util.net.SocketProcessorBase.run(SocketProcessorBase.java:52)
		at org.apache.tomcat.util.threads.ThreadPoolExecutor.runWorker(ThreadPoolExecutor.java:1189)
		at org.apache.tomcat.util.threads.ThreadPoolExecutor$Worker.run(ThreadPoolExecutor.java:658)
		at org.apache.tomcat.util.threads.TaskThread$WrappingRunnable.run(TaskThread.java:63)
		at java.base/java.lang.Thread.run(Thread.java:842)
24-May-2026 21:31:39.998 严重 [http-nio-8080-exec-5] org.apache.catalina.core.StandardWrapperValve.invoke 在路径为[]的上下文中，Servlet[dispatcher]的Servlet.service（）引发了具有根本原因的异常[Request processing failed; nested exception is org.springframework.dao.DataIntegrityViolationException: 
### Error updating database.  Cause: java.sql.SQLIntegrityConstraintViolationException: Cannot add or update a child row: a foreign key constraint fails (`personal_bill`.`bill`, CONSTRAINT `bill_ibfk_2` FOREIGN KEY (`category_id`) REFERENCES `category` (`id`))
### The error may exist in file [D:\javaweb\workspace\PersonalBillStatistics\target\classes\mapper\BillMapper.xml]
### The error may involve defaultParameterMap
### The error occurred while setting parameters
### SQL: INSERT INTO bill (user_id, amount, type, category_id, date, remark)         VALUES (?, ?, ?, ?, ?, ?)
### Cause: java.sql.SQLIntegrityConstraintViolationException: Cannot add or update a child row: a foreign key constraint fails (`personal_bill`.`bill`, CONSTRAINT `bill_ibfk_2` FOREIGN KEY (`category_id`) REFERENCES `category` (`id`))
; Cannot add or update a child row: a foreign key constraint fails (`personal_bill`.`bill`, CONSTRAINT `bill_ibfk_2` FOREIGN KEY (`category_id`) REFERENCES `category` (`id`)); nested exception is java.sql.SQLIntegrityConstraintViolationException: Cannot add or update a child row: a foreign key constraint fails (`personal_bill`.`bill`, CONSTRAINT `bill_ibfk_2` FOREIGN KEY (`category_id`) REFERENCES `category` (`id`))]
	java.sql.SQLIntegrityConstraintViolationException: Cannot add or update a child row: a foreign key constraint fails (`personal_bill`.`bill`, CONSTRAINT `bill_ibfk_2` FOREIGN KEY (`category_id`) REFERENCES `category` (`id`))
		at com.mysql.cj.jdbc.exceptions.SQLError.createSQLException(SQLError.java:118)
		at com.mysql.cj.jdbc.exceptions.SQLExceptionsMapping.translateException(SQLExceptionsMapping.java:122)
		at com.mysql.cj.jdbc.ClientPreparedStatement.executeInternal(ClientPreparedStatement.java:916)
		at com.mysql.cj.jdbc.ClientPreparedStatement.execute(ClientPreparedStatement.java:354)
		at com.zaxxer.hikari.pool.ProxyPreparedStatement.execute(ProxyPreparedStatement.java:44)
		at com.zaxxer.hikari.pool.HikariProxyPreparedStatement.execute(HikariProxyPreparedStatement.java)
		at org.apache.ibatis.executor.statement.PreparedStatementHandler.update(PreparedStatementHandler.java:48)
		at org.apache.ibatis.executor.statement.RoutingStatementHandler.update(RoutingStatementHandler.java:75)
		at org.apache.ibatis.executor.SimpleExecutor.doUpdate(SimpleExecutor.java:50)
		at org.apache.ibatis.executor.BaseExecutor.update(BaseExecutor.java:117)
		at org.apache.ibatis.executor.CachingExecutor.update(CachingExecutor.java:76)
		at org.apache.ibatis.session.defaults.DefaultSqlSession.update(DefaultSqlSession.java:197)
		at org.apache.ibatis.session.defaults.DefaultSqlSession.insert(DefaultSqlSession.java:184)
		at java.base/jdk.internal.reflect.NativeMethodAccessorImpl.invoke0(Native Method)
		at java.base/jdk.internal.reflect.NativeMethodAccessorImpl.invoke(NativeMethodAccessorImpl.java:77)
		at java.base/jdk.internal.reflect.DelegatingMethodAccessorImpl.invoke(DelegatingMethodAccessorImpl.java:43)
		at java.base/java.lang.reflect.Method.invoke(Method.java:568)
		at org.mybatis.spring.SqlSessionTemplate$SqlSessionInterceptor.invoke(SqlSessionTemplate.java:425)
		at jdk.proxy3/jdk.proxy3.$Proxy22.insert(Unknown Source)
		at org.mybatis.spring.SqlSessionTemplate.insert(SqlSessionTemplate.java:272)
		at org.apache.ibatis.binding.MapperMethod.execute(MapperMethod.java:62)
		at org.apache.ibatis.binding.MapperProxy$PlainMethodInvoker.invoke(MapperProxy.java:141)
		at org.apache.ibatis.binding.MapperProxy.invoke(MapperProxy.java:86)
		at jdk.proxy3/jdk.proxy3.$Proxy23.insert(Unknown Source)
		at com.wanshouyang.service.BillService.create(BillService.java:27)
		at com.wanshouyang.controller.BillController.create(BillController.java:37)
		at java.base/jdk.internal.reflect.NativeMethodAccessorImpl.invoke0(Native Method)
		at java.base/jdk.internal.reflect.NativeMethodAccessorImpl.invoke(NativeMethodAccessorImpl.java:77)
		at java.base/jdk.internal.reflect.DelegatingMethodAccessorImpl.invoke(DelegatingMethodAccessorImpl.java:43)
		at java.base/java.lang.reflect.Method.invoke(Method.java:568)
		at org.springframework.web.method.support.InvocableHandlerMethod.doInvoke(InvocableHandlerMethod.java:205)
		at org.springframework.web.method.support.InvocableHandlerMethod.invokeForRequest(InvocableHandlerMethod.java:150)
		at org.springframework.web.servlet.mvc.method.annotation.ServletInvocableHandlerMethod.invokeAndHandle(ServletInvocableHandlerMethod.java:117)
		at org.springframework.web.servlet.mvc.method.annotation.RequestMappingHandlerAdapter.invokeHandlerMethod(RequestMappingHandlerAdapter.java:895)
		at org.springframework.web.servlet.mvc.method.annotation.RequestMappingHandlerAdapter.handleInternal(RequestMappingHandlerAdapter.java:808)
		at org.springframework.web.servlet.mvc.method.AbstractHandlerMethodAdapter.handle(AbstractHandlerMethodAdapter.java:87)
		at org.springframework.web.servlet.DispatcherServlet.doDispatch(DispatcherServlet.java:1072)
		at org.springframework.web.servlet.DispatcherServlet.doService(DispatcherServlet.java:965)
		at org.springframework.web.servlet.FrameworkServlet.processRequest(FrameworkServlet.java:1006)
		at org.springframework.web.servlet.FrameworkServlet.doPost(FrameworkServlet.java:909)
		at javax.servlet.http.HttpServlet.service(HttpServlet.java:555)
		at org.springframework.web.servlet.FrameworkServlet.service(FrameworkServlet.java:883)
		at javax.servlet.http.HttpServlet.service(HttpServlet.java:623)
		at org.apache.catalina.core.ApplicationFilterChain.internalDoFilter(ApplicationFilterChain.java:199)
		at org.apache.catalina.core.ApplicationFilterChain.doFilter(ApplicationFilterChain.java:144)
		at org.apache.tomcat.websocket.server.WsFilter.doFilter(WsFilter.java:51)
		at org.apache.catalina.core.ApplicationFilterChain.internalDoFilter(ApplicationFilterChain.java:168)
		at org.apache.catalina.core.ApplicationFilterChain.doFilter(ApplicationFilterChain.java:144)
		at org.apache.catalina.core.StandardWrapperValve.invoke(StandardWrapperValve.java:168)
		at org.apache.catalina.core.StandardContextValve.invoke(StandardContextValve.java:90)
		at org.apache.catalina.authenticator.AuthenticatorBase.invoke(AuthenticatorBase.java:482)
		at org.apache.catalina.core.StandardHostValve.invoke(StandardHostValve.java:130)
		at org.apache.catalina.valves.ErrorReportValve.invoke(ErrorReportValve.java:93)
		at org.apache.catalina.valves.AbstractAccessLogValve.invoke(AbstractAccessLogValve.java:656)
		at org.apache.catalina.core.StandardEngineValve.invoke(StandardEngineValve.java:74)
		at org.apache.catalina.connector.CoyoteAdapter.service(CoyoteAdapter.java:346)
		at org.apache.coyote.http11.Http11Processor.service(Http11Processor.java:397)
		at org.apache.coyote.AbstractProcessorLight.process(AbstractProcessorLight.java:63)
		at org.apache.coyote.AbstractProtocol$ConnectionHandler.process(AbstractProtocol.java:935)
		at org.apache.tomcat.util.net.NioEndpoint$SocketProcessor.doRun(NioEndpoint.java:1826)
		at org.apache.tomcat.util.net.SocketProcessorBase.run(SocketProcessorBase.java:52)
		at org.apache.tomcat.util.threads.ThreadPoolExecutor.runWorker(ThreadPoolExecutor.java:1189)
		at org.apache.tomcat.util.threads.ThreadPoolExecutor$Worker.run(ThreadPoolExecutor.java:658)
		at org.apache.tomcat.util.threads.TaskThread$WrappingRunnable.run(TaskThread.java:63)
		at java.base/java.lang.Thread.run(Thread.java:842)
24-May-2026 21:31:40.051 严重 [http-nio-8080-exec-4] org.apache.catalina.core.StandardWrapperValve.invoke 在路径为[]的上下文中，Servlet[dispatcher]的Servlet.service（）引发了具有根本原因的异常[Request processing failed; nested exception is org.springframework.dao.DataIntegrityViolationException: 
### Error updating database.  Cause: java.sql.SQLIntegrityConstraintViolationException: Cannot add or update a child row: a foreign key constraint fails (`personal_bill`.`bill`, CONSTRAINT `bill_ibfk_2` FOREIGN KEY (`category_id`) REFERENCES `category` (`id`))
### The error may exist in file [D:\javaweb\workspace\PersonalBillStatistics\target\classes\mapper\BillMapper.xml]
### The error may involve defaultParameterMap
### The error occurred while setting parameters
### SQL: INSERT INTO bill (user_id, amount, type, category_id, date, remark)         VALUES (?, ?, ?, ?, ?, ?)
### Cause: java.sql.SQLIntegrityConstraintViolationException: Cannot add or update a child row: a foreign key constraint fails (`personal_bill`.`bill`, CONSTRAINT `bill_ibfk_2` FOREIGN KEY (`category_id`) REFERENCES `category` (`id`))
; Cannot add or update a child row: a foreign key constraint fails (`personal_bill`.`bill`, CONSTRAINT `bill_ibfk_2` FOREIGN KEY (`category_id`) REFERENCES `category` (`id`)); nested exception is java.sql.SQLIntegrityConstraintViolationException: Cannot add or update a child row: a foreign key constraint fails (`personal_bill`.`bill`, CONSTRAINT `bill_ibfk_2` FOREIGN KEY (`category_id`) REFERENCES `category` (`id`))]
	java.sql.SQLIntegrityConstraintViolationException: Cannot add or update a child row: a foreign key constraint fails (`personal_bill`.`bill`, CONSTRAINT `bill_ibfk_2` FOREIGN KEY (`category_id`) REFERENCES `category` (`id`))
		at com.mysql.cj.jdbc.exceptions.SQLError.createSQLException(SQLError.java:118)
		at com.mysql.cj.jdbc.exceptions.SQLExceptionsMapping.translateException(SQLExceptionsMapping.java:122)
		at com.mysql.cj.jdbc.ClientPreparedStatement.executeInternal(ClientPreparedStatement.java:916)
		at com.mysql.cj.jdbc.ClientPreparedStatement.execute(ClientPreparedStatement.java:354)
		at com.zaxxer.hikari.pool.ProxyPreparedStatement.execute(ProxyPreparedStatement.java:44)
		at com.zaxxer.hikari.pool.HikariProxyPreparedStatement.execute(HikariProxyPreparedStatement.java)
		at org.apache.ibatis.executor.statement.PreparedStatementHandler.update(PreparedStatementHandler.java:48)
		at org.apache.ibatis.executor.statement.RoutingStatementHandler.update(RoutingStatementHandler.java:75)
		at org.apache.ibatis.executor.SimpleExecutor.doUpdate(SimpleExecutor.java:50)
		at org.apache.ibatis.executor.BaseExecutor.update(BaseExecutor.java:117)
		at org.apache.ibatis.executor.CachingExecutor.update(CachingExecutor.java:76)
		at org.apache.ibatis.session.defaults.DefaultSqlSession.update(DefaultSqlSession.java:197)
		at org.apache.ibatis.session.defaults.DefaultSqlSession.insert(DefaultSqlSession.java:184)
		at java.base/jdk.internal.reflect.NativeMethodAccessorImpl.invoke0(Native Method)
		at java.base/jdk.internal.reflect.NativeMethodAccessorImpl.invoke(NativeMethodAccessorImpl.java:77)
		at java.base/jdk.internal.reflect.DelegatingMethodAccessorImpl.invoke(DelegatingMethodAccessorImpl.java:43)
		at java.base/java.lang.reflect.Method.invoke(Method.java:568)
		at org.mybatis.spring.SqlSessionTemplate$SqlSessionInterceptor.invoke(SqlSessionTemplate.java:425)
		at jdk.proxy3/jdk.proxy3.$Proxy22.insert(Unknown Source)
		at org.mybatis.spring.SqlSessionTemplate.insert(SqlSessionTemplate.java:272)
		at org.apache.ibatis.binding.MapperMethod.execute(MapperMethod.java:62)
		at org.apache.ibatis.binding.MapperProxy$PlainMethodInvoker.invoke(MapperProxy.java:141)
		at org.apache.ibatis.binding.MapperProxy.invoke(MapperProxy.java:86)
		at jdk.proxy3/jdk.proxy3.$Proxy23.insert(Unknown Source)
		at com.wanshouyang.service.BillService.create(BillService.java:27)
		at com.wanshouyang.controller.BillController.create(BillController.java:37)
		at java.base/jdk.internal.reflect.NativeMethodAccessorImpl.invoke0(Native Method)
		at java.base/jdk.internal.reflect.NativeMethodAccessorImpl.invoke(NativeMethodAccessorImpl.java:77)
		at java.base/jdk.internal.reflect.DelegatingMethodAccessorImpl.invoke(DelegatingMethodAccessorImpl.java:43)
		at java.base/java.lang.reflect.Method.invoke(Method.java:568)
		at org.springframework.web.method.support.InvocableHandlerMethod.doInvoke(InvocableHandlerMethod.java:205)
		at org.springframework.web.method.support.InvocableHandlerMethod.invokeForRequest(InvocableHandlerMethod.java:150)
		at org.springframework.web.servlet.mvc.method.annotation.ServletInvocableHandlerMethod.invokeAndHandle(ServletInvocableHandlerMethod.java:117)
		at org.springframework.web.servlet.mvc.method.annotation.RequestMappingHandlerAdapter.invokeHandlerMethod(RequestMappingHandlerAdapter.java:895)
		at org.springframework.web.servlet.mvc.method.annotation.RequestMappingHandlerAdapter.handleInternal(RequestMappingHandlerAdapter.java:808)
		at org.springframework.web.servlet.mvc.method.AbstractHandlerMethodAdapter.handle(AbstractHandlerMethodAdapter.java:87)
		at org.springframework.web.servlet.DispatcherServlet.doDispatch(DispatcherServlet.java:1072)
		at org.springframework.web.servlet.DispatcherServlet.doService(DispatcherServlet.java:965)
		at org.springframework.web.servlet.FrameworkServlet.processRequest(FrameworkServlet.java:1006)
		at org.springframework.web.servlet.FrameworkServlet.doPost(FrameworkServlet.java:909)
		at javax.servlet.http.HttpServlet.service(HttpServlet.java:555)
		at org.springframework.web.servlet.FrameworkServlet.service(FrameworkServlet.java:883)
		at javax.servlet.http.HttpServlet.service(HttpServlet.java:623)
		at org.apache.catalina.core.ApplicationFilterChain.internalDoFilter(ApplicationFilterChain.java:199)
		at org.apache.catalina.core.ApplicationFilterChain.doFilter(ApplicationFilterChain.java:144)
		at org.apache.tomcat.websocket.server.WsFilter.doFilter(WsFilter.java:51)
		at org.apache.catalina.core.ApplicationFilterChain.internalDoFilter(ApplicationFilterChain.java:168)
		at org.apache.catalina.core.ApplicationFilterChain.doFilter(ApplicationFilterChain.java:144)
		at org.apache.catalina.core.StandardWrapperValve.invoke(StandardWrapperValve.java:168)
		at org.apache.catalina.core.StandardContextValve.invoke(StandardContextValve.java:90)
		at org.apache.catalina.authenticator.AuthenticatorBase.invoke(AuthenticatorBase.java:482)
		at org.apache.catalina.core.StandardHostValve.invoke(StandardHostValve.java:130)
		at org.apache.catalina.valves.ErrorReportValve.invoke(ErrorReportValve.java:93)
		at org.apache.catalina.valves.AbstractAccessLogValve.invoke(AbstractAccessLogValve.java:656)
		at org.apache.catalina.core.StandardEngineValve.invoke(StandardEngineValve.java:74)
		at org.apache.catalina.connector.CoyoteAdapter.service(CoyoteAdapter.java:346)
		at org.apache.coyote.http11.Http11Processor.service(Http11Processor.java:397)
		at org.apache.coyote.AbstractProcessorLight.process(AbstractProcessorLight.java:63)
		at org.apache.coyote.AbstractProtocol$ConnectionHandler.process(AbstractProtocol.java:935)
		at org.apache.tomcat.util.net.NioEndpoint$SocketProcessor.doRun(NioEndpoint.java:1826)
		at org.apache.tomcat.util.net.SocketProcessorBase.run(SocketProcessorBase.java:52)
		at org.apache.tomcat.util.threads.ThreadPoolExecutor.runWorker(ThreadPoolExecutor.java:1189)
		at org.apache.tomcat.util.threads.ThreadPoolExecutor$Worker.run(ThreadPoolExecutor.java:658)
		at org.apache.tomcat.util.threads.TaskThread$WrappingRunnable.run(TaskThread.java:63)
		at java.base/java.lang.Thread.run(Thread.java:842)
24-May-2026 21:31:40.105 严重 [http-nio-8080-exec-3] org.apache.catalina.core.StandardWrapperValve.invoke 在路径为[]的上下文中，Servlet[dispatcher]的Servlet.service（）引发了具有根本原因的异常[Request processing failed; nested exception is org.springframework.dao.DataIntegrityViolationException: 
### Error updating database.  Cause: java.sql.SQLIntegrityConstraintViolationException: Cannot add or update a child row: a foreign key constraint fails (`personal_bill`.`bill`, CONSTRAINT `bill_ibfk_2` FOREIGN KEY (`category_id`) REFERENCES `category` (`id`))
### The error may exist in file [D:\javaweb\workspace\PersonalBillStatistics\target\classes\mapper\BillMapper.xml]
### The error may involve defaultParameterMap
### The error occurred while setting parameters
### SQL: INSERT INTO bill (user_id, amount, type, category_id, date, remark)         VALUES (?, ?, ?, ?, ?, ?)
### Cause: java.sql.SQLIntegrityConstraintViolationException: Cannot add or update a child row: a foreign key constraint fails (`personal_bill`.`bill`, CONSTRAINT `bill_ibfk_2` FOREIGN KEY (`category_id`) REFERENCES `category` (`id`))
; Cannot add or update a child row: a foreign key constraint fails (`personal_bill`.`bill`, CONSTRAINT `bill_ibfk_2` FOREIGN KEY (`category_id`) REFERENCES `category` (`id`)); nested exception is java.sql.SQLIntegrityConstraintViolationException: Cannot add or update a child row: a foreign key constraint fails (`personal_bill`.`bill`, CONSTRAINT `bill_ibfk_2` FOREIGN KEY (`category_id`) REFERENCES `category` (`id`))]
	java.sql.SQLIntegrityConstraintViolationException: Cannot add or update a child row: a foreign key constraint fails (`personal_bill`.`bill`, CONSTRAINT `bill_ibfk_2` FOREIGN KEY (`category_id`) REFERENCES `category` (`id`))
		at com.mysql.cj.jdbc.exceptions.SQLError.createSQLException(SQLError.java:118)
		at com.mysql.cj.jdbc.exceptions.SQLExceptionsMapping.translateException(SQLExceptionsMapping.java:122)
		at com.mysql.cj.jdbc.ClientPreparedStatement.executeInternal(ClientPreparedStatement.java:916)
		at com.mysql.cj.jdbc.ClientPreparedStatement.execute(ClientPreparedStatement.java:354)
		at com.zaxxer.hikari.pool.ProxyPreparedStatement.execute(ProxyPreparedStatement.java:44)
		at com.zaxxer.hikari.pool.HikariProxyPreparedStatement.execute(HikariProxyPreparedStatement.java)
		at org.apache.ibatis.executor.statement.PreparedStatementHandler.update(PreparedStatementHandler.java:48)
		at org.apache.ibatis.executor.statement.RoutingStatementHandler.update(RoutingStatementHandler.java:75)
		at org.apache.ibatis.executor.SimpleExecutor.doUpdate(SimpleExecutor.java:50)
		at org.apache.ibatis.executor.BaseExecutor.update(BaseExecutor.java:117)
		at org.apache.ibatis.executor.CachingExecutor.update(CachingExecutor.java:76)
		at org.apache.ibatis.session.defaults.DefaultSqlSession.update(DefaultSqlSession.java:197)
		at org.apache.ibatis.session.defaults.DefaultSqlSession.insert(DefaultSqlSession.java:184)
		at java.base/jdk.internal.reflect.NativeMethodAccessorImpl.invoke0(Native Method)
		at java.base/jdk.internal.reflect.NativeMethodAccessorImpl.invoke(NativeMethodAccessorImpl.java:77)
		at java.base/jdk.internal.reflect.DelegatingMethodAccessorImpl.invoke(DelegatingMethodAccessorImpl.java:43)
		at java.base/java.lang.reflect.Method.invoke(Method.java:568)
		at org.mybatis.spring.SqlSessionTemplate$SqlSessionInterceptor.invoke(SqlSessionTemplate.java:425)
		at jdk.proxy3/jdk.proxy3.$Proxy22.insert(Unknown Source)
		at org.mybatis.spring.SqlSessionTemplate.insert(SqlSessionTemplate.java:272)
		at org.apache.ibatis.binding.MapperMethod.execute(MapperMethod.java:62)
		at org.apache.ibatis.binding.MapperProxy$PlainMethodInvoker.invoke(MapperProxy.java:141)
		at org.apache.ibatis.binding.MapperProxy.invoke(MapperProxy.java:86)
		at jdk.proxy3/jdk.proxy3.$Proxy23.insert(Unknown Source)
		at com.wanshouyang.service.BillService.create(BillService.java:27)
		at com.wanshouyang.controller.BillController.create(BillController.java:37)
		at java.base/jdk.internal.reflect.NativeMethodAccessorImpl.invoke0(Native Method)
		at java.base/jdk.internal.reflect.NativeMethodAccessorImpl.invoke(NativeMethodAccessorImpl.java:77)
		at java.base/jdk.internal.reflect.DelegatingMethodAccessorImpl.invoke(DelegatingMethodAccessorImpl.java:43)
		at java.base/java.lang.reflect.Method.invoke(Method.java:568)
		at org.springframework.web.method.support.InvocableHandlerMethod.doInvoke(InvocableHandlerMethod.java:205)
		at org.springframework.web.method.support.InvocableHandlerMethod.invokeForRequest(InvocableHandlerMethod.java:150)
		at org.springframework.web.servlet.mvc.method.annotation.ServletInvocableHandlerMethod.invokeAndHandle(ServletInvocableHandlerMethod.java:117)
		at org.springframework.web.servlet.mvc.method.annotation.RequestMappingHandlerAdapter.invokeHandlerMethod(RequestMappingHandlerAdapter.java:895)
		at org.springframework.web.servlet.mvc.method.annotation.RequestMappingHandlerAdapter.handleInternal(RequestMappingHandlerAdapter.java:808)
		at org.springframework.web.servlet.mvc.method.AbstractHandlerMethodAdapter.handle(AbstractHandlerMethodAdapter.java:87)
		at org.springframework.web.servlet.DispatcherServlet.doDispatch(DispatcherServlet.java:1072)
		at org.springframework.web.servlet.DispatcherServlet.doService(DispatcherServlet.java:965)
		at org.springframework.web.servlet.FrameworkServlet.processRequest(FrameworkServlet.java:1006)
		at org.springframework.web.servlet.FrameworkServlet.doPost(FrameworkServlet.java:909)
		at javax.servlet.http.HttpServlet.service(HttpServlet.java:555)
		at org.springframework.web.servlet.FrameworkServlet.service(FrameworkServlet.java:883)
		at javax.servlet.http.HttpServlet.service(HttpServlet.java:623)
		at org.apache.catalina.core.ApplicationFilterChain.internalDoFilter(ApplicationFilterChain.java:199)
		at org.apache.catalina.core.ApplicationFilterChain.doFilter(ApplicationFilterChain.java:144)
		at org.apache.tomcat.websocket.server.WsFilter.doFilter(WsFilter.java:51)
		at org.apache.catalina.core.ApplicationFilterChain.internalDoFilter(ApplicationFilterChain.java:168)
		at org.apache.catalina.core.ApplicationFilterChain.doFilter(ApplicationFilterChain.java:144)
		at org.apache.catalina.core.StandardWrapperValve.invoke(StandardWrapperValve.java:168)
		at org.apache.catalina.core.StandardContextValve.invoke(StandardContextValve.java:90)
		at org.apache.catalina.authenticator.AuthenticatorBase.invoke(AuthenticatorBase.java:482)
		at org.apache.catalina.core.StandardHostValve.invoke(StandardHostValve.java:130)
		at org.apache.catalina.valves.ErrorReportValve.invoke(ErrorReportValve.java:93)
		at org.apache.catalina.valves.AbstractAccessLogValve.invoke(AbstractAccessLogValve.java:656)
		at org.apache.catalina.core.StandardEngineValve.invoke(StandardEngineValve.java:74)
		at org.apache.catalina.connector.CoyoteAdapter.service(CoyoteAdapter.java:346)
		at org.apache.coyote.http11.Http11Processor.service(Http11Processor.java:397)
		at org.apache.coyote.AbstractProcessorLight.process(AbstractProcessorLight.java:63)
		at org.apache.coyote.AbstractProtocol$ConnectionHandler.process(AbstractProtocol.java:935)
		at org.apache.tomcat.util.net.NioEndpoint$SocketProcessor.doRun(NioEndpoint.java:1826)
		at org.apache.tomcat.util.net.SocketProcessorBase.run(SocketProcessorBase.java:52)
		at org.apache.tomcat.util.threads.ThreadPoolExecutor.runWorker(ThreadPoolExecutor.java:1189)
		at org.apache.tomcat.util.threads.ThreadPoolExecutor$Worker.run(ThreadPoolExecutor.java:658)
		at org.apache.tomcat.util.threads.TaskThread$WrappingRunnable.run(TaskThread.java:63)
		at java.base/java.lang.Thread.run(Thread.java:842)
24-May-2026 21:31:40.158 严重 [http-nio-8080-exec-6] org.apache.catalina.core.StandardWrapperValve.invoke 在路径为[]的上下文中，Servlet[dispatcher]的Servlet.service（）引发了具有根本原因的异常[Request processing failed; nested exception is org.springframework.dao.DataIntegrityViolationException: 
### Error updating database.  Cause: java.sql.SQLIntegrityConstraintViolationException: Cannot add or update a child row: a foreign key constraint fails (`personal_bill`.`bill`, CONSTRAINT `bill_ibfk_2` FOREIGN KEY (`category_id`) REFERENCES `category` (`id`))
### The error may exist in file [D:\javaweb\workspace\PersonalBillStatistics\target\classes\mapper\BillMapper.xml]
### The error may involve defaultParameterMap
### The error occurred while setting parameters
### SQL: INSERT INTO bill (user_id, amount, type, category_id, date, remark)         VALUES (?, ?, ?, ?, ?, ?)
### Cause: java.sql.SQLIntegrityConstraintViolationException: Cannot add or update a child row: a foreign key constraint fails (`personal_bill`.`bill`, CONSTRAINT `bill_ibfk_2` FOREIGN KEY (`category_id`) REFERENCES `category` (`id`))
; Cannot add or update a child row: a foreign key constraint fails (`personal_bill`.`bill`, CONSTRAINT `bill_ibfk_2` FOREIGN KEY (`category_id`) REFERENCES `category` (`id`)); nested exception is java.sql.SQLIntegrityConstraintViolationException: Cannot add or update a child row: a foreign key constraint fails (`personal_bill`.`bill`, CONSTRAINT `bill_ibfk_2` FOREIGN KEY (`category_id`) REFERENCES `category` (`id`))]
	java.sql.SQLIntegrityConstraintViolationException: Cannot add or update a child row: a foreign key constraint fails (`personal_bill`.`bill`, CONSTRAINT `bill_ibfk_2` FOREIGN KEY (`category_id`) REFERENCES `category` (`id`))
		at com.mysql.cj.jdbc.exceptions.SQLError.createSQLException(SQLError.java:118)
		at com.mysql.cj.jdbc.exceptions.SQLExceptionsMapping.translateException(SQLExceptionsMapping.java:122)
		at com.mysql.cj.jdbc.ClientPreparedStatement.executeInternal(ClientPreparedStatement.java:916)
		at com.mysql.cj.jdbc.ClientPreparedStatement.execute(ClientPreparedStatement.java:354)
		at com.zaxxer.hikari.pool.ProxyPreparedStatement.execute(ProxyPreparedStatement.java:44)
		at com.zaxxer.hikari.pool.HikariProxyPreparedStatement.execute(HikariProxyPreparedStatement.java)
		at org.apache.ibatis.executor.statement.PreparedStatementHandler.update(PreparedStatementHandler.java:48)
		at org.apache.ibatis.executor.statement.RoutingStatementHandler.update(RoutingStatementHandler.java:75)
		at org.apache.ibatis.executor.SimpleExecutor.doUpdate(SimpleExecutor.java:50)
		at org.apache.ibatis.executor.BaseExecutor.update(BaseExecutor.java:117)
		at org.apache.ibatis.executor.CachingExecutor.update(CachingExecutor.java:76)
		at org.apache.ibatis.session.defaults.DefaultSqlSession.update(DefaultSqlSession.java:197)
		at org.apache.ibatis.session.defaults.DefaultSqlSession.insert(DefaultSqlSession.java:184)
		at java.base/jdk.internal.reflect.NativeMethodAccessorImpl.invoke0(Native Method)
		at java.base/jdk.internal.reflect.NativeMethodAccessorImpl.invoke(NativeMethodAccessorImpl.java:77)
		at java.base/jdk.internal.reflect.DelegatingMethodAccessorImpl.invoke(DelegatingMethodAccessorImpl.java:43)
		at java.base/java.lang.reflect.Method.invoke(Method.java:568)
		at org.mybatis.spring.SqlSessionTemplate$SqlSessionInterceptor.invoke(SqlSessionTemplate.java:425)
		at jdk.proxy3/jdk.proxy3.$Proxy22.insert(Unknown Source)
		at org.mybatis.spring.SqlSessionTemplate.insert(SqlSessionTemplate.java:272)
		at org.apache.ibatis.binding.MapperMethod.execute(MapperMethod.java:62)
		at org.apache.ibatis.binding.MapperProxy$PlainMethodInvoker.invoke(MapperProxy.java:141)
		at org.apache.ibatis.binding.MapperProxy.invoke(MapperProxy.java:86)
		at jdk.proxy3/jdk.proxy3.$Proxy23.insert(Unknown Source)
		at com.wanshouyang.service.BillService.create(BillService.java:27)
		at com.wanshouyang.controller.BillController.create(BillController.java:37)
		at java.base/jdk.internal.reflect.NativeMethodAccessorImpl.invoke0(Native Method)
		at java.base/jdk.internal.reflect.NativeMethodAccessorImpl.invoke(NativeMethodAccessorImpl.java:77)
		at java.base/jdk.internal.reflect.DelegatingMethodAccessorImpl.invoke(DelegatingMethodAccessorImpl.java:43)
		at java.base/java.lang.reflect.Method.invoke(Method.java:568)
		at org.springframework.web.method.support.InvocableHandlerMethod.doInvoke(InvocableHandlerMethod.java:205)
		at org.springframework.web.method.support.InvocableHandlerMethod.invokeForRequest(InvocableHandlerMethod.java:150)
		at org.springframework.web.servlet.mvc.method.annotation.ServletInvocableHandlerMethod.invokeAndHandle(ServletInvocableHandlerMethod.java:117)
		at org.springframework.web.servlet.mvc.method.annotation.RequestMappingHandlerAdapter.invokeHandlerMethod(RequestMappingHandlerAdapter.java:895)
		at org.springframework.web.servlet.mvc.method.annotation.RequestMappingHandlerAdapter.handleInternal(RequestMappingHandlerAdapter.java:808)
		at org.springframework.web.servlet.mvc.method.AbstractHandlerMethodAdapter.handle(AbstractHandlerMethodAdapter.java:87)
		at org.springframework.web.servlet.DispatcherServlet.doDispatch(DispatcherServlet.java:1072)
		at org.springframework.web.servlet.DispatcherServlet.doService(DispatcherServlet.java:965)
		at org.springframework.web.servlet.FrameworkServlet.processRequest(FrameworkServlet.java:1006)
		at org.springframework.web.servlet.FrameworkServlet.doPost(FrameworkServlet.java:909)
		at javax.servlet.http.HttpServlet.service(HttpServlet.java:555)
		at org.springframework.web.servlet.FrameworkServlet.service(FrameworkServlet.java:883)
		at javax.servlet.http.HttpServlet.service(HttpServlet.java:623)
		at org.apache.catalina.core.ApplicationFilterChain.internalDoFilter(ApplicationFilterChain.java:199)
		at org.apache.catalina.core.ApplicationFilterChain.doFilter(ApplicationFilterChain.java:144)
		at org.apache.tomcat.websocket.server.WsFilter.doFilter(WsFilter.java:51)
		at org.apache.catalina.core.ApplicationFilterChain.internalDoFilter(ApplicationFilterChain.java:168)
		at org.apache.catalina.core.ApplicationFilterChain.doFilter(ApplicationFilterChain.java:144)
		at org.apache.catalina.core.StandardWrapperValve.invoke(StandardWrapperValve.java:168)
		at org.apache.catalina.core.StandardContextValve.invoke(StandardContextValve.java:90)
		at org.apache.catalina.authenticator.AuthenticatorBase.invoke(AuthenticatorBase.java:482)
		at org.apache.catalina.core.StandardHostValve.invoke(StandardHostValve.java:130)
		at org.apache.catalina.valves.ErrorReportValve.invoke(ErrorReportValve.java:93)
		at org.apache.catalina.valves.AbstractAccessLogValve.invoke(AbstractAccessLogValve.java:656)
		at org.apache.catalina.core.StandardEngineValve.invoke(StandardEngineValve.java:74)
		at org.apache.catalina.connector.CoyoteAdapter.service(CoyoteAdapter.java:346)
		at org.apache.coyote.http11.Http11Processor.service(Http11Processor.java:397)
		at org.apache.coyote.AbstractProcessorLight.process(AbstractProcessorLight.java:63)
		at org.apache.coyote.AbstractProtocol$ConnectionHandler.process(AbstractProtocol.java:935)
		at org.apache.tomcat.util.net.NioEndpoint$SocketProcessor.doRun(NioEndpoint.java:1826)
		at org.apache.tomcat.util.net.SocketProcessorBase.run(SocketProcessorBase.java:52)
		at org.apache.tomcat.util.threads.ThreadPoolExecutor.runWorker(ThreadPoolExecutor.java:1189)
		at org.apache.tomcat.util.threads.ThreadPoolExecutor$Worker.run(ThreadPoolExecutor.java:658)
		at org.apache.tomcat.util.threads.TaskThread$WrappingRunnable.run(TaskThread.java:63)
		at java.base/java.lang.Thread.run(Thread.java:842)
24-May-2026 21:31:40.209 严重 [http-nio-8080-exec-10] org.apache.catalina.core.StandardWrapperValve.invoke 在路径为[]的上下文中，Servlet[dispatcher]的Servlet.service（）引发了具有根本原因的异常[Request processing failed; nested exception is org.springframework.dao.DataIntegrityViolationException: 
### Error updating database.  Cause: java.sql.SQLIntegrityConstraintViolationException: Cannot add or update a child row: a foreign key constraint fails (`personal_bill`.`bill`, CONSTRAINT `bill_ibfk_2` FOREIGN KEY (`category_id`) REFERENCES `category` (`id`))
### The error may exist in file [D:\javaweb\workspace\PersonalBillStatistics\target\classes\mapper\BillMapper.xml]
### The error may involve defaultParameterMap
### The error occurred while setting parameters
### SQL: INSERT INTO bill (user_id, amount, type, category_id, date, remark)         VALUES (?, ?, ?, ?, ?, ?)
### Cause: java.sql.SQLIntegrityConstraintViolationException: Cannot add or update a child row: a foreign key constraint fails (`personal_bill`.`bill`, CONSTRAINT `bill_ibfk_2` FOREIGN KEY (`category_id`) REFERENCES `category` (`id`))
; Cannot add or update a child row: a foreign key constraint fails (`personal_bill`.`bill`, CONSTRAINT `bill_ibfk_2` FOREIGN KEY (`category_id`) REFERENCES `category` (`id`)); nested exception is java.sql.SQLIntegrityConstraintViolationException: Cannot add or update a child row: a foreign key constraint fails (`personal_bill`.`bill`, CONSTRAINT `bill_ibfk_2` FOREIGN KEY (`category_id`) REFERENCES `category` (`id`))]
	java.sql.SQLIntegrityConstraintViolationException: Cannot add or update a child row: a foreign key constraint fails (`personal_bill`.`bill`, CONSTRAINT `bill_ibfk_2` FOREIGN KEY (`category_id`) REFERENCES `category` (`id`))
		at com.mysql.cj.jdbc.exceptions.SQLError.createSQLException(SQLError.java:118)
		at com.mysql.cj.jdbc.exceptions.SQLExceptionsMapping.translateException(SQLExceptionsMapping.java:122)
		at com.mysql.cj.jdbc.ClientPreparedStatement.executeInternal(ClientPreparedStatement.java:916)
		at com.mysql.cj.jdbc.ClientPreparedStatement.execute(ClientPreparedStatement.java:354)
		at com.zaxxer.hikari.pool.ProxyPreparedStatement.execute(ProxyPreparedStatement.java:44)
		at com.zaxxer.hikari.pool.HikariProxyPreparedStatement.execute(HikariProxyPreparedStatement.java)
		at org.apache.ibatis.executor.statement.PreparedStatementHandler.update(PreparedStatementHandler.java:48)
		at org.apache.ibatis.executor.statement.RoutingStatementHandler.update(RoutingStatementHandler.java:75)
		at org.apache.ibatis.executor.SimpleExecutor.doUpdate(SimpleExecutor.java:50)
		at org.apache.ibatis.executor.BaseExecutor.update(BaseExecutor.java:117)
		at org.apache.ibatis.executor.CachingExecutor.update(CachingExecutor.java:76)
		at org.apache.ibatis.session.defaults.DefaultSqlSession.update(DefaultSqlSession.java:197)
		at org.apache.ibatis.session.defaults.DefaultSqlSession.insert(DefaultSqlSession.java:184)
		at java.base/jdk.internal.reflect.NativeMethodAccessorImpl.invoke0(Native Method)
		at java.base/jdk.internal.reflect.NativeMethodAccessorImpl.invoke(NativeMethodAccessorImpl.java:77)
		at java.base/jdk.internal.reflect.DelegatingMethodAccessorImpl.invoke(DelegatingMethodAccessorImpl.java:43)
		at java.base/java.lang.reflect.Method.invoke(Method.java:568)
		at org.mybatis.spring.SqlSessionTemplate$SqlSessionInterceptor.invoke(SqlSessionTemplate.java:425)
		at jdk.proxy3/jdk.proxy3.$Proxy22.insert(Unknown Source)
		at org.mybatis.spring.SqlSessionTemplate.insert(SqlSessionTemplate.java:272)
		at org.apache.ibatis.binding.MapperMethod.execute(MapperMethod.java:62)
		at org.apache.ibatis.binding.MapperProxy$PlainMethodInvoker.invoke(MapperProxy.java:141)
		at org.apache.ibatis.binding.MapperProxy.invoke(MapperProxy.java:86)
		at jdk.proxy3/jdk.proxy3.$Proxy23.insert(Unknown Source)
		at com.wanshouyang.service.BillService.create(BillService.java:27)
		at com.wanshouyang.controller.BillController.create(BillController.java:37)
		at java.base/jdk.internal.reflect.NativeMethodAccessorImpl.invoke0(Native Method)
		at java.base/jdk.internal.reflect.NativeMethodAccessorImpl.invoke(NativeMethodAccessorImpl.java:77)
		at java.base/jdk.internal.reflect.DelegatingMethodAccessorImpl.invoke(DelegatingMethodAccessorImpl.java:43)
		at java.base/java.lang.reflect.Method.invoke(Method.java:568)
		at org.springframework.web.method.support.InvocableHandlerMethod.doInvoke(InvocableHandlerMethod.java:205)
		at org.springframework.web.method.support.InvocableHandlerMethod.invokeForRequest(InvocableHandlerMethod.java:150)
		at org.springframework.web.servlet.mvc.method.annotation.ServletInvocableHandlerMethod.invokeAndHandle(ServletInvocableHandlerMethod.java:117)
		at org.springframework.web.servlet.mvc.method.annotation.RequestMappingHandlerAdapter.invokeHandlerMethod(RequestMappingHandlerAdapter.java:895)
		at org.springframework.web.servlet.mvc.method.annotation.RequestMappingHandlerAdapter.handleInternal(RequestMappingHandlerAdapter.java:808)
		at org.springframework.web.servlet.mvc.method.AbstractHandlerMethodAdapter.handle(AbstractHandlerMethodAdapter.java:87)
		at org.springframework.web.servlet.DispatcherServlet.doDispatch(DispatcherServlet.java:1072)
		at org.springframework.web.servlet.DispatcherServlet.doService(DispatcherServlet.java:965)
		at org.springframework.web.servlet.FrameworkServlet.processRequest(FrameworkServlet.java:1006)
		at org.springframework.web.servlet.FrameworkServlet.doPost(FrameworkServlet.java:909)
		at javax.servlet.http.HttpServlet.service(HttpServlet.java:555)
		at org.springframework.web.servlet.FrameworkServlet.service(FrameworkServlet.java:883)
		at javax.servlet.http.HttpServlet.service(HttpServlet.java:623)
		at org.apache.catalina.core.ApplicationFilterChain.internalDoFilter(ApplicationFilterChain.java:199)
		at org.apache.catalina.core.ApplicationFilterChain.doFilter(ApplicationFilterChain.java:144)
		at org.apache.tomcat.websocket.server.WsFilter.doFilter(WsFilter.java:51)
		at org.apache.catalina.core.ApplicationFilterChain.internalDoFilter(ApplicationFilterChain.java:168)
		at org.apache.catalina.core.ApplicationFilterChain.doFilter(ApplicationFilterChain.java:144)
		at org.apache.catalina.core.StandardWrapperValve.invoke(StandardWrapperValve.java:168)
		at org.apache.catalina.core.StandardContextValve.invoke(StandardContextValve.java:90)
		at org.apache.catalina.authenticator.AuthenticatorBase.invoke(AuthenticatorBase.java:482)
		at org.apache.catalina.core.StandardHostValve.invoke(StandardHostValve.java:130)
		at org.apache.catalina.valves.ErrorReportValve.invoke(ErrorReportValve.java:93)
		at org.apache.catalina.valves.AbstractAccessLogValve.invoke(AbstractAccessLogValve.java:656)
		at org.apache.catalina.core.StandardEngineValve.invoke(StandardEngineValve.java:74)
		at org.apache.catalina.connector.CoyoteAdapter.service(CoyoteAdapter.java:346)
		at org.apache.coyote.http11.Http11Processor.service(Http11Processor.java:397)
		at org.apache.coyote.AbstractProcessorLight.process(AbstractProcessorLight.java:63)
		at org.apache.coyote.AbstractProtocol$ConnectionHandler.process(AbstractProtocol.java:935)
		at org.apache.tomcat.util.net.NioEndpoint$SocketProcessor.doRun(NioEndpoint.java:1826)
		at org.apache.tomcat.util.net.SocketProcessorBase.run(SocketProcessorBase.java:52)
		at org.apache.tomcat.util.threads.ThreadPoolExecutor.runWorker(ThreadPoolExecutor.java:1189)
		at org.apache.tomcat.util.threads.ThreadPoolExecutor$Worker.run(ThreadPoolExecutor.java:658)
		at org.apache.tomcat.util.threads.TaskThread$WrappingRunnable.run(TaskThread.java:63)
		at java.base/java.lang.Thread.run(Thread.java:842)
24-May-2026 21:31:40.258 严重 [http-nio-8080-exec-2] org.apache.catalina.core.StandardWrapperValve.invoke 在路径为[]的上下文中，Servlet[dispatcher]的Servlet.service（）引发了具有根本原因的异常[Request processing failed; nested exception is org.springframework.dao.DataIntegrityViolationException: 
### Error updating database.  Cause: java.sql.SQLIntegrityConstraintViolationException: Cannot add or update a child row: a foreign key constraint fails (`personal_bill`.`bill`, CONSTRAINT `bill_ibfk_2` FOREIGN KEY (`category_id`) REFERENCES `category` (`id`))
### The error may exist in file [D:\javaweb\workspace\PersonalBillStatistics\target\classes\mapper\BillMapper.xml]
### The error may involve defaultParameterMap
### The error occurred while setting parameters
### SQL: INSERT INTO bill (user_id, amount, type, category_id, date, remark)         VALUES (?, ?, ?, ?, ?, ?)
### Cause: java.sql.SQLIntegrityConstraintViolationException: Cannot add or update a child row: a foreign key constraint fails (`personal_bill`.`bill`, CONSTRAINT `bill_ibfk_2` FOREIGN KEY (`category_id`) REFERENCES `category` (`id`))
; Cannot add or update a child row: a foreign key constraint fails (`personal_bill`.`bill`, CONSTRAINT `bill_ibfk_2` FOREIGN KEY (`category_id`) REFERENCES `category` (`id`)); nested exception is java.sql.SQLIntegrityConstraintViolationException: Cannot add or update a child row: a foreign key constraint fails (`personal_bill`.`bill`, CONSTRAINT `bill_ibfk_2` FOREIGN KEY (`category_id`) REFERENCES `category` (`id`))]
	java.sql.SQLIntegrityConstraintViolationException: Cannot add or update a child row: a foreign key constraint fails (`personal_bill`.`bill`, CONSTRAINT `bill_ibfk_2` FOREIGN KEY (`category_id`) REFERENCES `category` (`id`))
		at com.mysql.cj.jdbc.exceptions.SQLError.createSQLException(SQLError.java:118)
		at com.mysql.cj.jdbc.exceptions.SQLExceptionsMapping.translateException(SQLExceptionsMapping.java:122)
		at com.mysql.cj.jdbc.ClientPreparedStatement.executeInternal(ClientPreparedStatement.java:916)
		at com.mysql.cj.jdbc.ClientPreparedStatement.execute(ClientPreparedStatement.java:354)
		at com.zaxxer.hikari.pool.ProxyPreparedStatement.execute(ProxyPreparedStatement.java:44)
		at com.zaxxer.hikari.pool.HikariProxyPreparedStatement.execute(HikariProxyPreparedStatement.java)
		at org.apache.ibatis.executor.statement.PreparedStatementHandler.update(PreparedStatementHandler.java:48)
		at org.apache.ibatis.executor.statement.RoutingStatementHandler.update(RoutingStatementHandler.java:75)
		at org.apache.ibatis.executor.SimpleExecutor.doUpdate(SimpleExecutor.java:50)
		at org.apache.ibatis.executor.BaseExecutor.update(BaseExecutor.java:117)
		at org.apache.ibatis.executor.CachingExecutor.update(CachingExecutor.java:76)
		at org.apache.ibatis.session.defaults.DefaultSqlSession.update(DefaultSqlSession.java:197)
		at org.apache.ibatis.session.defaults.DefaultSqlSession.insert(DefaultSqlSession.java:184)
		at java.base/jdk.internal.reflect.NativeMethodAccessorImpl.invoke0(Native Method)
		at java.base/jdk.internal.reflect.NativeMethodAccessorImpl.invoke(NativeMethodAccessorImpl.java:77)
		at java.base/jdk.internal.reflect.DelegatingMethodAccessorImpl.invoke(DelegatingMethodAccessorImpl.java:43)
		at java.base/java.lang.reflect.Method.invoke(Method.java:568)
		at org.mybatis.spring.SqlSessionTemplate$SqlSessionInterceptor.invoke(SqlSessionTemplate.java:425)
		at jdk.proxy3/jdk.proxy3.$Proxy22.insert(Unknown Source)
		at org.mybatis.spring.SqlSessionTemplate.insert(SqlSessionTemplate.java:272)
		at org.apache.ibatis.binding.MapperMethod.execute(MapperMethod.java:62)
		at org.apache.ibatis.binding.MapperProxy$PlainMethodInvoker.invoke(MapperProxy.java:141)
		at org.apache.ibatis.binding.MapperProxy.invoke(MapperProxy.java:86)
		at jdk.proxy3/jdk.proxy3.$Proxy23.insert(Unknown Source)
		at com.wanshouyang.service.BillService.create(BillService.java:27)
		at com.wanshouyang.controller.BillController.create(BillController.java:37)
		at java.base/jdk.internal.reflect.NativeMethodAccessorImpl.invoke0(Native Method)
		at java.base/jdk.internal.reflect.NativeMethodAccessorImpl.invoke(NativeMethodAccessorImpl.java:77)
		at java.base/jdk.internal.reflect.DelegatingMethodAccessorImpl.invoke(DelegatingMethodAccessorImpl.java:43)
		at java.base/java.lang.reflect.Method.invoke(Method.java:568)
		at org.springframework.web.method.support.InvocableHandlerMethod.doInvoke(InvocableHandlerMethod.java:205)
		at org.springframework.web.method.support.InvocableHandlerMethod.invokeForRequest(InvocableHandlerMethod.java:150)
		at org.springframework.web.servlet.mvc.method.annotation.ServletInvocableHandlerMethod.invokeAndHandle(ServletInvocableHandlerMethod.java:117)
		at org.springframework.web.servlet.mvc.method.annotation.RequestMappingHandlerAdapter.invokeHandlerMethod(RequestMappingHandlerAdapter.java:895)
		at org.springframework.web.servlet.mvc.method.annotation.RequestMappingHandlerAdapter.handleInternal(RequestMappingHandlerAdapter.java:808)
		at org.springframework.web.servlet.mvc.method.AbstractHandlerMethodAdapter.handle(AbstractHandlerMethodAdapter.java:87)
		at org.springframework.web.servlet.DispatcherServlet.doDispatch(DispatcherServlet.java:1072)
		at org.springframework.web.servlet.DispatcherServlet.doService(DispatcherServlet.java:965)
		at org.springframework.web.servlet.FrameworkServlet.processRequest(FrameworkServlet.java:1006)
		at org.springframework.web.servlet.FrameworkServlet.doPost(FrameworkServlet.java:909)
		at javax.servlet.http.HttpServlet.service(HttpServlet.java:555)
		at org.springframework.web.servlet.FrameworkServlet.service(FrameworkServlet.java:883)
		at javax.servlet.http.HttpServlet.service(HttpServlet.java:623)
		at org.apache.catalina.core.ApplicationFilterChain.internalDoFilter(ApplicationFilterChain.java:199)
		at org.apache.catalina.core.ApplicationFilterChain.doFilter(ApplicationFilterChain.java:144)
		at org.apache.tomcat.websocket.server.WsFilter.doFilter(WsFilter.java:51)
		at org.apache.catalina.core.ApplicationFilterChain.internalDoFilter(ApplicationFilterChain.java:168)
		at org.apache.catalina.core.ApplicationFilterChain.doFilter(ApplicationFilterChain.java:144)
		at org.apache.catalina.core.StandardWrapperValve.invoke(StandardWrapperValve.java:168)
		at org.apache.catalina.core.StandardContextValve.invoke(StandardContextValve.java:90)
		at org.apache.catalina.authenticator.AuthenticatorBase.invoke(AuthenticatorBase.java:482)
		at org.apache.catalina.core.StandardHostValve.invoke(StandardHostValve.java:130)
		at org.apache.catalina.valves.ErrorReportValve.invoke(ErrorReportValve.java:93)
		at org.apache.catalina.valves.AbstractAccessLogValve.invoke(AbstractAccessLogValve.java:656)
		at org.apache.catalina.core.StandardEngineValve.invoke(StandardEngineValve.java:74)
		at org.apache.catalina.connector.CoyoteAdapter.service(CoyoteAdapter.java:346)
		at org.apache.coyote.http11.Http11Processor.service(Http11Processor.java:397)
		at org.apache.coyote.AbstractProcessorLight.process(AbstractProcessorLight.java:63)
		at org.apache.coyote.AbstractProtocol$ConnectionHandler.process(AbstractProtocol.java:935)
		at org.apache.tomcat.util.net.NioEndpoint$SocketProcessor.doRun(NioEndpoint.java:1826)
		at org.apache.tomcat.util.net.SocketProcessorBase.run(SocketProcessorBase.java:52)
		at org.apache.tomcat.util.threads.ThreadPoolExecutor.runWorker(ThreadPoolExecutor.java:1189)
		at org.apache.tomcat.util.threads.ThreadPoolExecutor$Worker.run(ThreadPoolExecutor.java:658)
		at org.apache.tomcat.util.threads.TaskThread$WrappingRunnable.run(TaskThread.java:63)
		at java.base/java.lang.Thread.run(Thread.java:842)
24-May-2026 21:31:40.306 严重 [http-nio-8080-exec-9] org.apache.catalina.core.StandardWrapperValve.invoke 在路径为[]的上下文中，Servlet[dispatcher]的Servlet.service（）引发了具有根本原因的异常[Request processing failed; nested exception is org.springframework.dao.DataIntegrityViolationException: 
### Error updating database.  Cause: java.sql.SQLIntegrityConstraintViolationException: Cannot add or update a child row: a foreign key constraint fails (`personal_bill`.`bill`, CONSTRAINT `bill_ibfk_2` FOREIGN KEY (`category_id`) REFERENCES `category` (`id`))
### The error may exist in file [D:\javaweb\workspace\PersonalBillStatistics\target\classes\mapper\BillMapper.xml]
### The error may involve defaultParameterMap
### The error occurred while setting parameters
### SQL: INSERT INTO bill (user_id, amount, type, category_id, date, remark)         VALUES (?, ?, ?, ?, ?, ?)
### Cause: java.sql.SQLIntegrityConstraintViolationException: Cannot add or update a child row: a foreign key constraint fails (`personal_bill`.`bill`, CONSTRAINT `bill_ibfk_2` FOREIGN KEY (`category_id`) REFERENCES `category` (`id`))
; Cannot add or update a child row: a foreign key constraint fails (`personal_bill`.`bill`, CONSTRAINT `bill_ibfk_2` FOREIGN KEY (`category_id`) REFERENCES `category` (`id`)); nested exception is java.sql.SQLIntegrityConstraintViolationException: Cannot add or update a child row: a foreign key constraint fails (`personal_bill`.`bill`, CONSTRAINT `bill_ibfk_2` FOREIGN KEY (`category_id`) REFERENCES `category` (`id`))]
	java.sql.SQLIntegrityConstraintViolationException: Cannot add or update a child row: a foreign key constraint fails (`personal_bill`.`bill`, CONSTRAINT `bill_ibfk_2` FOREIGN KEY (`category_id`) REFERENCES `category` (`id`))
		at com.mysql.cj.jdbc.exceptions.SQLError.createSQLException(SQLError.java:118)
		at com.mysql.cj.jdbc.exceptions.SQLExceptionsMapping.translateException(SQLExceptionsMapping.java:122)
		at com.mysql.cj.jdbc.ClientPreparedStatement.executeInternal(ClientPreparedStatement.java:916)
		at com.mysql.cj.jdbc.ClientPreparedStatement.execute(ClientPreparedStatement.java:354)
		at com.zaxxer.hikari.pool.ProxyPreparedStatement.execute(ProxyPreparedStatement.java:44)
		at com.zaxxer.hikari.pool.HikariProxyPreparedStatement.execute(HikariProxyPreparedStatement.java)
		at org.apache.ibatis.executor.statement.PreparedStatementHandler.update(PreparedStatementHandler.java:48)
		at org.apache.ibatis.executor.statement.RoutingStatementHandler.update(RoutingStatementHandler.java:75)
		at org.apache.ibatis.executor.SimpleExecutor.doUpdate(SimpleExecutor.java:50)
		at org.apache.ibatis.executor.BaseExecutor.update(BaseExecutor.java:117)
		at org.apache.ibatis.executor.CachingExecutor.update(CachingExecutor.java:76)
		at org.apache.ibatis.session.defaults.DefaultSqlSession.update(DefaultSqlSession.java:197)
		at org.apache.ibatis.session.defaults.DefaultSqlSession.insert(DefaultSqlSession.java:184)
		at java.base/jdk.internal.reflect.NativeMethodAccessorImpl.invoke0(Native Method)
		at java.base/jdk.internal.reflect.NativeMethodAccessorImpl.invoke(NativeMethodAccessorImpl.java:77)
		at java.base/jdk.internal.reflect.DelegatingMethodAccessorImpl.invoke(DelegatingMethodAccessorImpl.java:43)
		at java.base/java.lang.reflect.Method.invoke(Method.java:568)
		at org.mybatis.spring.SqlSessionTemplate$SqlSessionInterceptor.invoke(SqlSessionTemplate.java:425)
		at jdk.proxy3/jdk.proxy3.$Proxy22.insert(Unknown Source)
		at org.mybatis.spring.SqlSessionTemplate.insert(SqlSessionTemplate.java:272)
		at org.apache.ibatis.binding.MapperMethod.execute(MapperMethod.java:62)
		at org.apache.ibatis.binding.MapperProxy$PlainMethodInvoker.invoke(MapperProxy.java:141)
		at org.apache.ibatis.binding.MapperProxy.invoke(MapperProxy.java:86)
		at jdk.proxy3/jdk.proxy3.$Proxy23.insert(Unknown Source)
		at com.wanshouyang.service.BillService.create(BillService.java:27)
		at com.wanshouyang.controller.BillController.create(BillController.java:37)
		at java.base/jdk.internal.reflect.NativeMethodAccessorImpl.invoke0(Native Method)
		at java.base/jdk.internal.reflect.NativeMethodAccessorImpl.invoke(NativeMethodAccessorImpl.java:77)
		at java.base/jdk.internal.reflect.DelegatingMethodAccessorImpl.invoke(DelegatingMethodAccessorImpl.java:43)
		at java.base/java.lang.reflect.Method.invoke(Method.java:568)
		at org.springframework.web.method.support.InvocableHandlerMethod.doInvoke(InvocableHandlerMethod.java:205)
		at org.springframework.web.method.support.InvocableHandlerMethod.invokeForRequest(InvocableHandlerMethod.java:150)
		at org.springframework.web.servlet.mvc.method.annotation.ServletInvocableHandlerMethod.invokeAndHandle(ServletInvocableHandlerMethod.java:117)
		at org.springframework.web.servlet.mvc.method.annotation.RequestMappingHandlerAdapter.invokeHandlerMethod(RequestMappingHandlerAdapter.java:895)
		at org.springframework.web.servlet.mvc.method.annotation.RequestMappingHandlerAdapter.handleInternal(RequestMappingHandlerAdapter.java:808)
		at org.springframework.web.servlet.mvc.method.AbstractHandlerMethodAdapter.handle(AbstractHandlerMethodAdapter.java:87)
		at org.springframework.web.servlet.DispatcherServlet.doDispatch(DispatcherServlet.java:1072)
		at org.springframework.web.servlet.DispatcherServlet.doService(DispatcherServlet.java:965)
		at org.springframework.web.servlet.FrameworkServlet.processRequest(FrameworkServlet.java:1006)
		at org.springframework.web.servlet.FrameworkServlet.doPost(FrameworkServlet.java:909)
		at javax.servlet.http.HttpServlet.service(HttpServlet.java:555)
		at org.springframework.web.servlet.FrameworkServlet.service(FrameworkServlet.java:883)
		at javax.servlet.http.HttpServlet.service(HttpServlet.java:623)
		at org.apache.catalina.core.ApplicationFilterChain.internalDoFilter(ApplicationFilterChain.java:199)
		at org.apache.catalina.core.ApplicationFilterChain.doFilter(ApplicationFilterChain.java:144)
		at org.apache.tomcat.websocket.server.WsFilter.doFilter(WsFilter.java:51)
		at org.apache.catalina.core.ApplicationFilterChain.internalDoFilter(ApplicationFilterChain.java:168)
		at org.apache.catalina.core.ApplicationFilterChain.doFilter(ApplicationFilterChain.java:144)
		at org.apache.catalina.core.StandardWrapperValve.invoke(StandardWrapperValve.java:168)
		at org.apache.catalina.core.StandardContextValve.invoke(StandardContextValve.java:90)
		at org.apache.catalina.authenticator.AuthenticatorBase.invoke(AuthenticatorBase.java:482)
		at org.apache.catalina.core.StandardHostValve.invoke(StandardHostValve.java:130)
		at org.apache.catalina.valves.ErrorReportValve.invoke(ErrorReportValve.java:93)
		at org.apache.catalina.valves.AbstractAccessLogValve.invoke(AbstractAccessLogValve.java:656)
		at org.apache.catalina.core.StandardEngineValve.invoke(StandardEngineValve.java:74)
		at org.apache.catalina.connector.CoyoteAdapter.service(CoyoteAdapter.java:346)
		at org.apache.coyote.http11.Http11Processor.service(Http11Processor.java:397)
		at org.apache.coyote.AbstractProcessorLight.process(AbstractProcessorLight.java:63)
		at org.apache.coyote.AbstractProtocol$ConnectionHandler.process(AbstractProtocol.java:935)
		at org.apache.tomcat.util.net.NioEndpoint$SocketProcessor.doRun(NioEndpoint.java:1826)
		at org.apache.tomcat.util.net.SocketProcessorBase.run(SocketProcessorBase.java:52)
		at org.apache.tomcat.util.threads.ThreadPoolExecutor.runWorker(ThreadPoolExecutor.java:1189)
		at org.apache.tomcat.util.threads.ThreadPoolExecutor$Worker.run(ThreadPoolExecutor.java:658)
		at org.apache.tomcat.util.threads.TaskThread$WrappingRunnable.run(TaskThread.java:63)
		at java.base/java.lang.Thread.run(Thread.java:842)
24-May-2026 21:31:40.356 严重 [http-nio-8080-exec-1] org.apache.catalina.core.StandardWrapperValve.invoke 在路径为[]的上下文中，Servlet[dispatcher]的Servlet.service（）引发了具有根本原因的异常[Request processing failed; nested exception is org.springframework.dao.DataIntegrityViolationException: 
### Error updating database.  Cause: java.sql.SQLIntegrityConstraintViolationException: Cannot add or update a child row: a foreign key constraint fails (`personal_bill`.`bill`, CONSTRAINT `bill_ibfk_2` FOREIGN KEY (`category_id`) REFERENCES `category` (`id`))
### The error may exist in file [D:\javaweb\workspace\PersonalBillStatistics\target\classes\mapper\BillMapper.xml]
### The error may involve defaultParameterMap
### The error occurred while setting parameters
### SQL: INSERT INTO bill (user_id, amount, type, category_id, date, remark)         VALUES (?, ?, ?, ?, ?, ?)
### Cause: java.sql.SQLIntegrityConstraintViolationException: Cannot add or update a child row: a foreign key constraint fails (`personal_bill`.`bill`, CONSTRAINT `bill_ibfk_2` FOREIGN KEY (`category_id`) REFERENCES `category` (`id`))
; Cannot add or update a child row: a foreign key constraint fails (`personal_bill`.`bill`, CONSTRAINT `bill_ibfk_2` FOREIGN KEY (`category_id`) REFERENCES `category` (`id`)); nested exception is java.sql.SQLIntegrityConstraintViolationException: Cannot add or update a child row: a foreign key constraint fails (`personal_bill`.`bill`, CONSTRAINT `bill_ibfk_2` FOREIGN KEY (`category_id`) REFERENCES `category` (`id`))]
	java.sql.SQLIntegrityConstraintViolationException: Cannot add or update a child row: a foreign key constraint fails (`personal_bill`.`bill`, CONSTRAINT `bill_ibfk_2` FOREIGN KEY (`category_id`) REFERENCES `category` (`id`))
		at com.mysql.cj.jdbc.exceptions.SQLError.createSQLException(SQLError.java:118)
		at com.mysql.cj.jdbc.exceptions.SQLExceptionsMapping.translateException(SQLExceptionsMapping.java:122)
		at com.mysql.cj.jdbc.ClientPreparedStatement.executeInternal(ClientPreparedStatement.java:916)
		at com.mysql.cj.jdbc.ClientPreparedStatement.execute(ClientPreparedStatement.java:354)
		at com.zaxxer.hikari.pool.ProxyPreparedStatement.execute(ProxyPreparedStatement.java:44)
		at com.zaxxer.hikari.pool.HikariProxyPreparedStatement.execute(HikariProxyPreparedStatement.java)
		at org.apache.ibatis.executor.statement.PreparedStatementHandler.update(PreparedStatementHandler.java:48)
		at org.apache.ibatis.executor.statement.RoutingStatementHandler.update(RoutingStatementHandler.java:75)
		at org.apache.ibatis.executor.SimpleExecutor.doUpdate(SimpleExecutor.java:50)
		at org.apache.ibatis.executor.BaseExecutor.update(BaseExecutor.java:117)
		at org.apache.ibatis.executor.CachingExecutor.update(CachingExecutor.java:76)
		at org.apache.ibatis.session.defaults.DefaultSqlSession.update(DefaultSqlSession.java:197)
		at org.apache.ibatis.session.defaults.DefaultSqlSession.insert(DefaultSqlSession.java:184)
		at java.base/jdk.internal.reflect.NativeMethodAccessorImpl.invoke0(Native Method)
		at java.base/jdk.internal.reflect.NativeMethodAccessorImpl.invoke(NativeMethodAccessorImpl.java:77)
		at java.base/jdk.internal.reflect.DelegatingMethodAccessorImpl.invoke(DelegatingMethodAccessorImpl.java:43)
		at java.base/java.lang.reflect.Method.invoke(Method.java:568)
		at org.mybatis.spring.SqlSessionTemplate$SqlSessionInterceptor.invoke(SqlSessionTemplate.java:425)
		at jdk.proxy3/jdk.proxy3.$Proxy22.insert(Unknown Source)
		at org.mybatis.spring.SqlSessionTemplate.insert(SqlSessionTemplate.java:272)
		at org.apache.ibatis.binding.MapperMethod.execute(MapperMethod.java:62)
		at org.apache.ibatis.binding.MapperProxy$PlainMethodInvoker.invoke(MapperProxy.java:141)
		at org.apache.ibatis.binding.MapperProxy.invoke(MapperProxy.java:86)
		at jdk.proxy3/jdk.proxy3.$Proxy23.insert(Unknown Source)
		at com.wanshouyang.service.BillService.create(BillService.java:27)
		at com.wanshouyang.controller.BillController.create(BillController.java:37)
		at java.base/jdk.internal.reflect.NativeMethodAccessorImpl.invoke0(Native Method)
		at java.base/jdk.internal.reflect.NativeMethodAccessorImpl.invoke(NativeMethodAccessorImpl.java:77)
		at java.base/jdk.internal.reflect.DelegatingMethodAccessorImpl.invoke(DelegatingMethodAccessorImpl.java:43)
		at java.base/java.lang.reflect.Method.invoke(Method.java:568)
		at org.springframework.web.method.support.InvocableHandlerMethod.doInvoke(InvocableHandlerMethod.java:205)
		at org.springframework.web.method.support.InvocableHandlerMethod.invokeForRequest(InvocableHandlerMethod.java:150)
		at org.springframework.web.servlet.mvc.method.annotation.ServletInvocableHandlerMethod.invokeAndHandle(ServletInvocableHandlerMethod.java:117)
		at org.springframework.web.servlet.mvc.method.annotation.RequestMappingHandlerAdapter.invokeHandlerMethod(RequestMappingHandlerAdapter.java:895)
		at org.springframework.web.servlet.mvc.method.annotation.RequestMappingHandlerAdapter.handleInternal(RequestMappingHandlerAdapter.java:808)
		at org.springframework.web.servlet.mvc.method.AbstractHandlerMethodAdapter.handle(AbstractHandlerMethodAdapter.java:87)
		at org.springframework.web.servlet.DispatcherServlet.doDispatch(DispatcherServlet.java:1072)
		at org.springframework.web.servlet.DispatcherServlet.doService(DispatcherServlet.java:965)
		at org.springframework.web.servlet.FrameworkServlet.processRequest(FrameworkServlet.java:1006)
		at org.springframework.web.servlet.FrameworkServlet.doPost(FrameworkServlet.java:909)
		at javax.servlet.http.HttpServlet.service(HttpServlet.java:555)
		at org.springframework.web.servlet.FrameworkServlet.service(FrameworkServlet.java:883)
		at javax.servlet.http.HttpServlet.service(HttpServlet.java:623)
		at org.apache.catalina.core.ApplicationFilterChain.internalDoFilter(ApplicationFilterChain.java:199)
		at org.apache.catalina.core.ApplicationFilterChain.doFilter(ApplicationFilterChain.java:144)
		at org.apache.tomcat.websocket.server.WsFilter.doFilter(WsFilter.java:51)
		at org.apache.catalina.core.ApplicationFilterChain.internalDoFilter(ApplicationFilterChain.java:168)
		at org.apache.catalina.core.ApplicationFilterChain.doFilter(ApplicationFilterChain.java:144)
		at org.apache.catalina.core.StandardWrapperValve.invoke(StandardWrapperValve.java:168)
		at org.apache.catalina.core.StandardContextValve.invoke(StandardContextValve.java:90)
		at org.apache.catalina.authenticator.AuthenticatorBase.invoke(AuthenticatorBase.java:482)
		at org.apache.catalina.core.StandardHostValve.invoke(StandardHostValve.java:130)
		at org.apache.catalina.valves.ErrorReportValve.invoke(ErrorReportValve.java:93)
		at org.apache.catalina.valves.AbstractAccessLogValve.invoke(AbstractAccessLogValve.java:656)
		at org.apache.catalina.core.StandardEngineValve.invoke(StandardEngineValve.java:74)
		at org.apache.catalina.connector.CoyoteAdapter.service(CoyoteAdapter.java:346)
		at org.apache.coyote.http11.Http11Processor.service(Http11Processor.java:397)
		at org.apache.coyote.AbstractProcessorLight.process(AbstractProcessorLight.java:63)
		at org.apache.coyote.AbstractProtocol$ConnectionHandler.process(AbstractProtocol.java:935)
		at org.apache.tomcat.util.net.NioEndpoint$SocketProcessor.doRun(NioEndpoint.java:1826)
		at org.apache.tomcat.util.net.SocketProcessorBase.run(SocketProcessorBase.java:52)
		at org.apache.tomcat.util.threads.ThreadPoolExecutor.runWorker(ThreadPoolExecutor.java:1189)
		at org.apache.tomcat.util.threads.ThreadPoolExecutor$Worker.run(ThreadPoolExecutor.java:658)
		at org.apache.tomcat.util.threads.TaskThread$WrappingRunnable.run(TaskThread.java:63)
		at java.base/java.lang.Thread.run(Thread.java:842)
24-May-2026 21:31:40.406 严重 [http-nio-8080-exec-8] org.apache.catalina.core.StandardWrapperValve.invoke 在路径为[]的上下文中，Servlet[dispatcher]的Servlet.service（）引发了具有根本原因的异常[Request processing failed; nested exception is org.springframework.dao.DataIntegrityViolationException: 
### Error updating database.  Cause: java.sql.SQLIntegrityConstraintViolationException: Cannot add or update a child row: a foreign key constraint fails (`personal_bill`.`bill`, CONSTRAINT `bill_ibfk_2` FOREIGN KEY (`category_id`) REFERENCES `category` (`id`))
### The error may exist in file [D:\javaweb\workspace\PersonalBillStatistics\target\classes\mapper\BillMapper.xml]
### The error may involve defaultParameterMap
### The error occurred while setting parameters
### SQL: INSERT INTO bill (user_id, amount, type, category_id, date, remark)         VALUES (?, ?, ?, ?, ?, ?)
### Cause: java.sql.SQLIntegrityConstraintViolationException: Cannot add or update a child row: a foreign key constraint fails (`personal_bill`.`bill`, CONSTRAINT `bill_ibfk_2` FOREIGN KEY (`category_id`) REFERENCES `category` (`id`))
; Cannot add or update a child row: a foreign key constraint fails (`personal_bill`.`bill`, CONSTRAINT `bill_ibfk_2` FOREIGN KEY (`category_id`) REFERENCES `category` (`id`)); nested exception is java.sql.SQLIntegrityConstraintViolationException: Cannot add or update a child row: a foreign key constraint fails (`personal_bill`.`bill`, CONSTRAINT `bill_ibfk_2` FOREIGN KEY (`category_id`) REFERENCES `category` (`id`))]
	java.sql.SQLIntegrityConstraintViolationException: Cannot add or update a child row: a foreign key constraint fails (`personal_bill`.`bill`, CONSTRAINT `bill_ibfk_2` FOREIGN KEY (`category_id`) REFERENCES `category` (`id`))
		at com.mysql.cj.jdbc.exceptions.SQLError.createSQLException(SQLError.java:118)
		at com.mysql.cj.jdbc.exceptions.SQLExceptionsMapping.translateException(SQLExceptionsMapping.java:122)
		at com.mysql.cj.jdbc.ClientPreparedStatement.executeInternal(ClientPreparedStatement.java:916)
		at com.mysql.cj.jdbc.ClientPreparedStatement.execute(ClientPreparedStatement.java:354)
		at com.zaxxer.hikari.pool.ProxyPreparedStatement.execute(ProxyPreparedStatement.java:44)
		at com.zaxxer.hikari.pool.HikariProxyPreparedStatement.execute(HikariProxyPreparedStatement.java)
		at org.apache.ibatis.executor.statement.PreparedStatementHandler.update(PreparedStatementHandler.java:48)
		at org.apache.ibatis.executor.statement.RoutingStatementHandler.update(RoutingStatementHandler.java:75)
		at org.apache.ibatis.executor.SimpleExecutor.doUpdate(SimpleExecutor.java:50)
		at org.apache.ibatis.executor.BaseExecutor.update(BaseExecutor.java:117)
		at org.apache.ibatis.executor.CachingExecutor.update(CachingExecutor.java:76)
		at org.apache.ibatis.session.defaults.DefaultSqlSession.update(DefaultSqlSession.java:197)
		at org.apache.ibatis.session.defaults.DefaultSqlSession.insert(DefaultSqlSession.java:184)
		at java.base/jdk.internal.reflect.NativeMethodAccessorImpl.invoke0(Native Method)
		at java.base/jdk.internal.reflect.NativeMethodAccessorImpl.invoke(NativeMethodAccessorImpl.java:77)
		at java.base/jdk.internal.reflect.DelegatingMethodAccessorImpl.invoke(DelegatingMethodAccessorImpl.java:43)
		at java.base/java.lang.reflect.Method.invoke(Method.java:568)
		at org.mybatis.spring.SqlSessionTemplate$SqlSessionInterceptor.invoke(SqlSessionTemplate.java:425)
		at jdk.proxy3/jdk.proxy3.$Proxy22.insert(Unknown Source)
		at org.mybatis.spring.SqlSessionTemplate.insert(SqlSessionTemplate.java:272)
		at org.apache.ibatis.binding.MapperMethod.execute(MapperMethod.java:62)
		at org.apache.ibatis.binding.MapperProxy$PlainMethodInvoker.invoke(MapperProxy.java:141)
		at org.apache.ibatis.binding.MapperProxy.invoke(MapperProxy.java:86)
		at jdk.proxy3/jdk.proxy3.$Proxy23.insert(Unknown Source)
		at com.wanshouyang.service.BillService.create(BillService.java:27)
		at com.wanshouyang.controller.BillController.create(BillController.java:37)
		at java.base/jdk.internal.reflect.NativeMethodAccessorImpl.invoke0(Native Method)
		at java.base/jdk.internal.reflect.NativeMethodAccessorImpl.invoke(NativeMethodAccessorImpl.java:77)
		at java.base/jdk.internal.reflect.DelegatingMethodAccessorImpl.invoke(DelegatingMethodAccessorImpl.java:43)
		at java.base/java.lang.reflect.Method.invoke(Method.java:568)
		at org.springframework.web.method.support.InvocableHandlerMethod.doInvoke(InvocableHandlerMethod.java:205)
		at org.springframework.web.method.support.InvocableHandlerMethod.invokeForRequest(InvocableHandlerMethod.java:150)
		at org.springframework.web.servlet.mvc.method.annotation.ServletInvocableHandlerMethod.invokeAndHandle(ServletInvocableHandlerMethod.java:117)
		at org.springframework.web.servlet.mvc.method.annotation.RequestMappingHandlerAdapter.invokeHandlerMethod(RequestMappingHandlerAdapter.java:895)
		at org.springframework.web.servlet.mvc.method.annotation.RequestMappingHandlerAdapter.handleInternal(RequestMappingHandlerAdapter.java:808)
		at org.springframework.web.servlet.mvc.method.AbstractHandlerMethodAdapter.handle(AbstractHandlerMethodAdapter.java:87)
		at org.springframework.web.servlet.DispatcherServlet.doDispatch(DispatcherServlet.java:1072)
		at org.springframework.web.servlet.DispatcherServlet.doService(DispatcherServlet.java:965)
		at org.springframework.web.servlet.FrameworkServlet.processRequest(FrameworkServlet.java:1006)
		at org.springframework.web.servlet.FrameworkServlet.doPost(FrameworkServlet.java:909)
		at javax.servlet.http.HttpServlet.service(HttpServlet.java:555)
		at org.springframework.web.servlet.FrameworkServlet.service(FrameworkServlet.java:883)
		at javax.servlet.http.HttpServlet.service(HttpServlet.java:623)
		at org.apache.catalina.core.ApplicationFilterChain.internalDoFilter(ApplicationFilterChain.java:199)
		at org.apache.catalina.core.ApplicationFilterChain.doFilter(ApplicationFilterChain.java:144)
		at org.apache.tomcat.websocket.server.WsFilter.doFilter(WsFilter.java:51)
		at org.apache.catalina.core.ApplicationFilterChain.internalDoFilter(ApplicationFilterChain.java:168)
		at org.apache.catalina.core.ApplicationFilterChain.doFilter(ApplicationFilterChain.java:144)
		at org.apache.catalina.core.StandardWrapperValve.invoke(StandardWrapperValve.java:168)
		at org.apache.catalina.core.StandardContextValve.invoke(StandardContextValve.java:90)
		at org.apache.catalina.authenticator.AuthenticatorBase.invoke(AuthenticatorBase.java:482)
		at org.apache.catalina.core.StandardHostValve.invoke(StandardHostValve.java:130)
		at org.apache.catalina.valves.ErrorReportValve.invoke(ErrorReportValve.java:93)
		at org.apache.catalina.valves.AbstractAccessLogValve.invoke(AbstractAccessLogValve.java:656)
		at org.apache.catalina.core.StandardEngineValve.invoke(StandardEngineValve.java:74)
		at org.apache.catalina.connector.CoyoteAdapter.service(CoyoteAdapter.java:346)
		at org.apache.coyote.http11.Http11Processor.service(Http11Processor.java:397)
		at org.apache.coyote.AbstractProcessorLight.process(AbstractProcessorLight.java:63)
		at org.apache.coyote.AbstractProtocol$ConnectionHandler.process(AbstractProtocol.java:935)
		at org.apache.tomcat.util.net.NioEndpoint$SocketProcessor.doRun(NioEndpoint.java:1826)
		at org.apache.tomcat.util.net.SocketProcessorBase.run(SocketProcessorBase.java:52)
		at org.apache.tomcat.util.threads.ThreadPoolExecutor.runWorker(ThreadPoolExecutor.java:1189)
		at org.apache.tomcat.util.threads.ThreadPoolExecutor$Worker.run(ThreadPoolExecutor.java:658)
		at org.apache.tomcat.util.threads.TaskThread$WrappingRunnable.run(TaskThread.java:63)
		at java.base/java.lang.Thread.run(Thread.java:842)
24-May-2026 21:31:40.462 严重 [http-nio-8080-exec-7] org.apache.catalina.core.StandardWrapperValve.invoke 在路径为[]的上下文中，Servlet[dispatcher]的Servlet.service（）引发了具有根本原因的异常[Request processing failed; nested exception is org.springframework.dao.DataIntegrityViolationException: 
### Error updating database.  Cause: java.sql.SQLIntegrityConstraintViolationException: Cannot add or update a child row: a foreign key constraint fails (`personal_bill`.`bill`, CONSTRAINT `bill_ibfk_2` FOREIGN KEY (`category_id`) REFERENCES `category` (`id`))
### The error may exist in file [D:\javaweb\workspace\PersonalBillStatistics\target\classes\mapper\BillMapper.xml]
### The error may involve defaultParameterMap
### The error occurred while setting parameters
### SQL: INSERT INTO bill (user_id, amount, type, category_id, date, remark)         VALUES (?, ?, ?, ?, ?, ?)
### Cause: java.sql.SQLIntegrityConstraintViolationException: Cannot add or update a child row: a foreign key constraint fails (`personal_bill`.`bill`, CONSTRAINT `bill_ibfk_2` FOREIGN KEY (`category_id`) REFERENCES `category` (`id`))
; Cannot add or update a child row: a foreign key constraint fails (`personal_bill`.`bill`, CONSTRAINT `bill_ibfk_2` FOREIGN KEY (`category_id`) REFERENCES `category` (`id`)); nested exception is java.sql.SQLIntegrityConstraintViolationException: Cannot add or update a child row: a foreign key constraint fails (`personal_bill`.`bill`, CONSTRAINT `bill_ibfk_2` FOREIGN KEY (`category_id`) REFERENCES `category` (`id`))]
	java.sql.SQLIntegrityConstraintViolationException: Cannot add or update a child row: a foreign key constraint fails (`personal_bill`.`bill`, CONSTRAINT `bill_ibfk_2` FOREIGN KEY (`category_id`) REFERENCES `category` (`id`))
		at com.mysql.cj.jdbc.exceptions.SQLError.createSQLException(SQLError.java:118)
		at com.mysql.cj.jdbc.exceptions.SQLExceptionsMapping.translateException(SQLExceptionsMapping.java:122)
		at com.mysql.cj.jdbc.ClientPreparedStatement.executeInternal(ClientPreparedStatement.java:916)
		at com.mysql.cj.jdbc.ClientPreparedStatement.execute(ClientPreparedStatement.java:354)
		at com.zaxxer.hikari.pool.ProxyPreparedStatement.execute(ProxyPreparedStatement.java:44)
		at com.zaxxer.hikari.pool.HikariProxyPreparedStatement.execute(HikariProxyPreparedStatement.java)
		at org.apache.ibatis.executor.statement.PreparedStatementHandler.update(PreparedStatementHandler.java:48)
		at org.apache.ibatis.executor.statement.RoutingStatementHandler.update(RoutingStatementHandler.java:75)
		at org.apache.ibatis.executor.SimpleExecutor.doUpdate(SimpleExecutor.java:50)
		at org.apache.ibatis.executor.BaseExecutor.update(BaseExecutor.java:117)
		at org.apache.ibatis.executor.CachingExecutor.update(CachingExecutor.java:76)
		at org.apache.ibatis.session.defaults.DefaultSqlSession.update(DefaultSqlSession.java:197)
		at org.apache.ibatis.session.defaults.DefaultSqlSession.insert(DefaultSqlSession.java:184)
		at java.base/jdk.internal.reflect.NativeMethodAccessorImpl.invoke0(Native Method)
		at java.base/jdk.internal.reflect.NativeMethodAccessorImpl.invoke(NativeMethodAccessorImpl.java:77)
		at java.base/jdk.internal.reflect.DelegatingMethodAccessorImpl.invoke(DelegatingMethodAccessorImpl.java:43)
		at java.base/java.lang.reflect.Method.invoke(Method.java:568)
		at org.mybatis.spring.SqlSessionTemplate$SqlSessionInterceptor.invoke(SqlSessionTemplate.java:425)
		at jdk.proxy3/jdk.proxy3.$Proxy22.insert(Unknown Source)
		at org.mybatis.spring.SqlSessionTemplate.insert(SqlSessionTemplate.java:272)
		at org.apache.ibatis.binding.MapperMethod.execute(MapperMethod.java:62)
		at org.apache.ibatis.binding.MapperProxy$PlainMethodInvoker.invoke(MapperProxy.java:141)
		at org.apache.ibatis.binding.MapperProxy.invoke(MapperProxy.java:86)
		at jdk.proxy3/jdk.proxy3.$Proxy23.insert(Unknown Source)
		at com.wanshouyang.service.BillService.create(BillService.java:27)
		at com.wanshouyang.controller.BillController.create(BillController.java:37)
		at java.base/jdk.internal.reflect.NativeMethodAccessorImpl.invoke0(Native Method)
		at java.base/jdk.internal.reflect.NativeMethodAccessorImpl.invoke(NativeMethodAccessorImpl.java:77)
		at java.base/jdk.internal.reflect.DelegatingMethodAccessorImpl.invoke(DelegatingMethodAccessorImpl.java:43)
		at java.base/java.lang.reflect.Method.invoke(Method.java:568)
		at org.springframework.web.method.support.InvocableHandlerMethod.doInvoke(InvocableHandlerMethod.java:205)
		at org.springframework.web.method.support.InvocableHandlerMethod.invokeForRequest(InvocableHandlerMethod.java:150)
		at org.springframework.web.servlet.mvc.method.annotation.ServletInvocableHandlerMethod.invokeAndHandle(ServletInvocableHandlerMethod.java:117)
		at org.springframework.web.servlet.mvc.method.annotation.RequestMappingHandlerAdapter.invokeHandlerMethod(RequestMappingHandlerAdapter.java:895)
		at org.springframework.web.servlet.mvc.method.annotation.RequestMappingHandlerAdapter.handleInternal(RequestMappingHandlerAdapter.java:808)
		at org.springframework.web.servlet.mvc.method.AbstractHandlerMethodAdapter.handle(AbstractHandlerMethodAdapter.java:87)
		at org.springframework.web.servlet.DispatcherServlet.doDispatch(DispatcherServlet.java:1072)
		at org.springframework.web.servlet.DispatcherServlet.doService(DispatcherServlet.java:965)
		at org.springframework.web.servlet.FrameworkServlet.processRequest(FrameworkServlet.java:1006)
		at org.springframework.web.servlet.FrameworkServlet.doPost(FrameworkServlet.java:909)
		at javax.servlet.http.HttpServlet.service(HttpServlet.java:555)
		at org.springframework.web.servlet.FrameworkServlet.service(FrameworkServlet.java:883)
		at javax.servlet.http.HttpServlet.service(HttpServlet.java:623)
		at org.apache.catalina.core.ApplicationFilterChain.internalDoFilter(ApplicationFilterChain.java:199)
		at org.apache.catalina.core.ApplicationFilterChain.doFilter(ApplicationFilterChain.java:144)
		at org.apache.tomcat.websocket.server.WsFilter.doFilter(WsFilter.java:51)
		at org.apache.catalina.core.ApplicationFilterChain.internalDoFilter(ApplicationFilterChain.java:168)
		at org.apache.catalina.core.ApplicationFilterChain.doFilter(ApplicationFilterChain.java:144)
		at org.apache.catalina.core.StandardWrapperValve.invoke(StandardWrapperValve.java:168)
		at org.apache.catalina.core.StandardContextValve.invoke(StandardContextValve.java:90)
		at org.apache.catalina.authenticator.AuthenticatorBase.invoke(AuthenticatorBase.java:482)
		at org.apache.catalina.core.StandardHostValve.invoke(StandardHostValve.java:130)
		at org.apache.catalina.valves.ErrorReportValve.invoke(ErrorReportValve.java:93)
		at org.apache.catalina.valves.AbstractAccessLogValve.invoke(AbstractAccessLogValve.java:656)
		at org.apache.catalina.core.StandardEngineValve.invoke(StandardEngineValve.java:74)
		at org.apache.catalina.connector.CoyoteAdapter.service(CoyoteAdapter.java:346)
		at org.apache.coyote.http11.Http11Processor.service(Http11Processor.java:397)
		at org.apache.coyote.AbstractProcessorLight.process(AbstractProcessorLight.java:63)
		at org.apache.coyote.AbstractProtocol$ConnectionHandler.process(AbstractProtocol.java:935)
		at org.apache.tomcat.util.net.NioEndpoint$SocketProcessor.doRun(NioEndpoint.java:1826)
		at org.apache.tomcat.util.net.SocketProcessorBase.run(SocketProcessorBase.java:52)
		at org.apache.tomcat.util.threads.ThreadPoolExecutor.runWorker(ThreadPoolExecutor.java:1189)
		at org.apache.tomcat.util.threads.ThreadPoolExecutor$Worker.run(ThreadPoolExecutor.java:658)
		at org.apache.tomcat.util.threads.TaskThread$WrappingRunnable.run(TaskThread.java:63)
		at java.base/java.lang.Thread.run(Thread.java:842)
24-May-2026 21:32:32.855 严重 [http-nio-8080-exec-5] org.apache.catalina.core.StandardWrapperValve.invoke 在路径为[]的上下文中，Servlet[dispatcher]的Servlet.service（）引发了具有根本原因的异常[Request processing failed; nested exception is org.springframework.dao.DataIntegrityViolationException: 
### Error updating database.  Cause: java.sql.SQLIntegrityConstraintViolationException: Cannot add or update a child row: a foreign key constraint fails (`personal_bill`.`bill`, CONSTRAINT `bill_ibfk_2` FOREIGN KEY (`category_id`) REFERENCES `category` (`id`))
### The error may exist in file [D:\javaweb\workspace\PersonalBillStatistics\target\classes\mapper\BillMapper.xml]
### The error may involve defaultParameterMap
### The error occurred while setting parameters
### SQL: INSERT INTO bill (user_id, amount, type, category_id, date, remark)         VALUES (?, ?, ?, ?, ?, ?)
### Cause: java.sql.SQLIntegrityConstraintViolationException: Cannot add or update a child row: a foreign key constraint fails (`personal_bill`.`bill`, CONSTRAINT `bill_ibfk_2` FOREIGN KEY (`category_id`) REFERENCES `category` (`id`))
; Cannot add or update a child row: a foreign key constraint fails (`personal_bill`.`bill`, CONSTRAINT `bill_ibfk_2` FOREIGN KEY (`category_id`) REFERENCES `category` (`id`)); nested exception is java.sql.SQLIntegrityConstraintViolationException: Cannot add or update a child row: a foreign key constraint fails (`personal_bill`.`bill`, CONSTRAINT `bill_ibfk_2` FOREIGN KEY (`category_id`) REFERENCES `category` (`id`))]
	java.sql.SQLIntegrityConstraintViolationException: Cannot add or update a child row: a foreign key constraint fails (`personal_bill`.`bill`, CONSTRAINT `bill_ibfk_2` FOREIGN KEY (`category_id`) REFERENCES `category` (`id`))
		at com.mysql.cj.jdbc.exceptions.SQLError.createSQLException(SQLError.java:118)
		at com.mysql.cj.jdbc.exceptions.SQLExceptionsMapping.translateException(SQLExceptionsMapping.java:122)
		at com.mysql.cj.jdbc.ClientPreparedStatement.executeInternal(ClientPreparedStatement.java:916)
		at com.mysql.cj.jdbc.ClientPreparedStatement.execute(ClientPreparedStatement.java:354)
		at com.zaxxer.hikari.pool.ProxyPreparedStatement.execute(ProxyPreparedStatement.java:44)
		at com.zaxxer.hikari.pool.HikariProxyPreparedStatement.execute(HikariProxyPreparedStatement.java)
		at org.apache.ibatis.executor.statement.PreparedStatementHandler.update(PreparedStatementHandler.java:48)
		at org.apache.ibatis.executor.statement.RoutingStatementHandler.update(RoutingStatementHandler.java:75)
		at org.apache.ibatis.executor.SimpleExecutor.doUpdate(SimpleExecutor.java:50)
		at org.apache.ibatis.executor.BaseExecutor.update(BaseExecutor.java:117)
		at org.apache.ibatis.executor.CachingExecutor.update(CachingExecutor.java:76)
		at org.apache.ibatis.session.defaults.DefaultSqlSession.update(DefaultSqlSession.java:197)
		at org.apache.ibatis.session.defaults.DefaultSqlSession.insert(DefaultSqlSession.java:184)
		at java.base/jdk.internal.reflect.NativeMethodAccessorImpl.invoke0(Native Method)
		at java.base/jdk.internal.reflect.NativeMethodAccessorImpl.invoke(NativeMethodAccessorImpl.java:77)
		at java.base/jdk.internal.reflect.DelegatingMethodAccessorImpl.invoke(DelegatingMethodAccessorImpl.java:43)
		at java.base/java.lang.reflect.Method.invoke(Method.java:568)
		at org.mybatis.spring.SqlSessionTemplate$SqlSessionInterceptor.invoke(SqlSessionTemplate.java:425)
		at jdk.proxy3/jdk.proxy3.$Proxy22.insert(Unknown Source)
		at org.mybatis.spring.SqlSessionTemplate.insert(SqlSessionTemplate.java:272)
		at org.apache.ibatis.binding.MapperMethod.execute(MapperMethod.java:62)
		at org.apache.ibatis.binding.MapperProxy$PlainMethodInvoker.invoke(MapperProxy.java:141)
		at org.apache.ibatis.binding.MapperProxy.invoke(MapperProxy.java:86)
		at jdk.proxy3/jdk.proxy3.$Proxy23.insert(Unknown Source)
		at com.wanshouyang.service.BillService.create(BillService.java:27)
		at com.wanshouyang.controller.BillController.create(BillController.java:37)
		at java.base/jdk.internal.reflect.NativeMethodAccessorImpl.invoke0(Native Method)
		at java.base/jdk.internal.reflect.NativeMethodAccessorImpl.invoke(NativeMethodAccessorImpl.java:77)
		at java.base/jdk.internal.reflect.DelegatingMethodAccessorImpl.invoke(DelegatingMethodAccessorImpl.java:43)
		at java.base/java.lang.reflect.Method.invoke(Method.java:568)
		at org.springframework.web.method.support.InvocableHandlerMethod.doInvoke(InvocableHandlerMethod.java:205)
		at org.springframework.web.method.support.InvocableHandlerMethod.invokeForRequest(InvocableHandlerMethod.java:150)
		at org.springframework.web.servlet.mvc.method.annotation.ServletInvocableHandlerMethod.invokeAndHandle(ServletInvocableHandlerMethod.java:117)
		at org.springframework.web.servlet.mvc.method.annotation.RequestMappingHandlerAdapter.invokeHandlerMethod(RequestMappingHandlerAdapter.java:895)
		at org.springframework.web.servlet.mvc.method.annotation.RequestMappingHandlerAdapter.handleInternal(RequestMappingHandlerAdapter.java:808)
		at org.springframework.web.servlet.mvc.method.AbstractHandlerMethodAdapter.handle(AbstractHandlerMethodAdapter.java:87)
		at org.springframework.web.servlet.DispatcherServlet.doDispatch(DispatcherServlet.java:1072)
		at org.springframework.web.servlet.DispatcherServlet.doService(DispatcherServlet.java:965)
		at org.springframework.web.servlet.FrameworkServlet.processRequest(FrameworkServlet.java:1006)
		at org.springframework.web.servlet.FrameworkServlet.doPost(FrameworkServlet.java:909)
		at javax.servlet.http.HttpServlet.service(HttpServlet.java:555)
		at org.springframework.web.servlet.FrameworkServlet.service(FrameworkServlet.java:883)
		at javax.servlet.http.HttpServlet.service(HttpServlet.java:623)
		at org.apache.catalina.core.ApplicationFilterChain.internalDoFilter(ApplicationFilterChain.java:199)
		at org.apache.catalina.core.ApplicationFilterChain.doFilter(ApplicationFilterChain.java:144)
		at org.apache.tomcat.websocket.server.WsFilter.doFilter(WsFilter.java:51)
		at org.apache.catalina.core.ApplicationFilterChain.internalDoFilter(ApplicationFilterChain.java:168)
		at org.apache.catalina.core.ApplicationFilterChain.doFilter(ApplicationFilterChain.java:144)
		at org.apache.catalina.core.StandardWrapperValve.invoke(StandardWrapperValve.java:168)
		at org.apache.catalina.core.StandardContextValve.invoke(StandardContextValve.java:90)
		at org.apache.catalina.authenticator.AuthenticatorBase.invoke(AuthenticatorBase.java:482)
		at org.apache.catalina.core.StandardHostValve.invoke(StandardHostValve.java:130)
		at org.apache.catalina.valves.ErrorReportValve.invoke(ErrorReportValve.java:93)
		at org.apache.catalina.valves.AbstractAccessLogValve.invoke(AbstractAccessLogValve.java:656)
		at org.apache.catalina.core.StandardEngineValve.invoke(StandardEngineValve.java:74)
		at org.apache.catalina.connector.CoyoteAdapter.service(CoyoteAdapter.java:346)
		at org.apache.coyote.http11.Http11Processor.service(Http11Processor.java:397)
		at org.apache.coyote.AbstractProcessorLight.process(AbstractProcessorLight.java:63)
		at org.apache.coyote.AbstractProtocol$ConnectionHandler.process(AbstractProtocol.java:935)
		at org.apache.tomcat.util.net.NioEndpoint$SocketProcessor.doRun(NioEndpoint.java:1826)
		at org.apache.tomcat.util.net.SocketProcessorBase.run(SocketProcessorBase.java:52)
		at org.apache.tomcat.util.threads.ThreadPoolExecutor.runWorker(ThreadPoolExecutor.java:1189)
		at org.apache.tomcat.util.threads.ThreadPoolExecutor$Worker.run(ThreadPoolExecutor.java:658)
		at org.apache.tomcat.util.threads.TaskThread$WrappingRunnable.run(TaskThread.java:63)
		at java.base/java.lang.Thread.run(Thread.java:842)
24-May-2026 21:33:17.276 信息 [Thread-1] org.apache.catalina.core.ApplicationContext.log Destroying Spring FrameworkServlet 'dispatcher'
24-May-2026 21:33:17.323 信息 [Thread-1] org.apache.catalina.core.ApplicationContext.log Closing Spring root WebApplicationContext
24-May-2026 21:33:25.071 信息 [main] org.apache.catalina.core.ApplicationContext.log 1 Spring WebApplicationInitializers detected on classpath
24-May-2026 21:33:25.190 信息 [main] org.apache.catalina.core.ApplicationContext.log Initializing Spring root WebApplicationContext
24-May-2026 21:33:27.290 信息 [main] org.apache.catalina.core.ApplicationContext.log Initializing Spring DispatcherServlet 'dispatcher'
24-May-2026 22:00:43.456 信息 [Thread-1] org.apache.catalina.core.ApplicationContext.log Destroying Spring FrameworkServlet 'dispatcher'
24-May-2026 22:00:43.530 信息 [Thread-1] org.apache.catalina.core.ApplicationContext.log Closing Spring root WebApplicationContext
